-- phpMyAdmin SQL Dump
-- version 4.4.12
-- http://www.phpmyadmin.net
--
-- Host: 127.0.0.1
-- Generation Time: Mar 20, 2016 at 03:31 PM
-- Server version: 5.6.25
-- PHP Version: 5.5.27

SET SQL_MODE = "NO_AUTO_VALUE_ON_ZERO";
SET time_zone = "+00:00";


/*!40101 SET @OLD_CHARACTER_SET_CLIENT=@@CHARACTER_SET_CLIENT */;
/*!40101 SET @OLD_CHARACTER_SET_RESULTS=@@CHARACTER_SET_RESULTS */;
/*!40101 SET @OLD_COLLATION_CONNECTION=@@COLLATION_CONNECTION */;
/*!40101 SET NAMES utf8mb4 */;

--
-- Database: `skc_solocup`
--

-- --------------------------------------------------------

--
-- Table structure for table `admin`
--

CREATE TABLE IF NOT EXISTS `admin` (
  `id_admin` int(5) NOT NULL,
  `user` varchar(20) NOT NULL,
  `password` varchar(20) NOT NULL,
  `nama` varchar(100) NOT NULL
) ENGINE=InnoDB AUTO_INCREMENT=2 DEFAULT CHARSET=latin1;

--
-- Dumping data for table `admin`
--

INSERT INTO `admin` (`id_admin`, `user`, `password`, `nama`) VALUES
(1, 'admin', 'admin', '');

-- --------------------------------------------------------

--
-- Table structure for table `drowing`
--

CREATE TABLE IF NOT EXISTS `drowing` (
  `id_drowing` int(5) NOT NULL,
  `id_kelas` varchar(50) NOT NULL,
  `pool` varchar(5) NOT NULL,
  `list_peserta` text NOT NULL
) ENGINE=InnoDB DEFAULT CHARSET=latin1;

-- --------------------------------------------------------

--
-- Table structure for table `drowing_old`
--

CREATE TABLE IF NOT EXISTS `drowing_old` (
  `ID` int(11) NOT NULL,
  `Nama` varchar(100) CHARACTER SET utf8 DEFAULT NULL,
  `Kontingen` varchar(100) CHARACTER SET utf8 DEFAULT NULL,
  `Kelas` varchar(100) CHARACTER SET utf8 DEFAULT NULL,
  `Tanggal_Lahir` varchar(100) CHARACTER SET utf8 DEFAULT NULL,
  `Perguruan` varchar(100) CHARACTER SET utf8 DEFAULT NULL,
  `Berat_Badan` int(11) DEFAULT NULL
) ENGINE=InnoDB AUTO_INCREMENT=647 DEFAULT CHARSET=latin1;

--
-- Dumping data for table `drowing_old`
--

INSERT INTO `drowing_old` (`ID`, `Nama`, `Kontingen`, `Kelas`, `Tanggal_Lahir`, `Perguruan`, `Berat_Badan`) VALUES
(2, 'VERRY ANDRI SAJIWO', 'SRAGEN', 'Kumite -52 Kg Kadet Putra ', '14/06/2000', 'LEMKARI', 46),
(3, 'MUHAMMAD ILYAS', 'SRAGEN', 'Kumite -76 Kg Junior Putra ', '27/03/1999', 'LEMKARI', 70),
(4, 'HERNINGTYAS DEWI WIDORETNO', 'SRAGEN', 'Kumite +54 Kg Kadet Putri ', '05/01/2000', 'LEMKARI', 55),
(5, 'EVA SUSANTI', 'SRAGEN', 'Kumite -54 Kg Kadet Putri Khusus', '22/07/2000', 'LEMKARI', 50),
(6, 'LAILATUL LUFIAH', 'SRAGEN', 'Kumite -54 Kg Kadet Putri Khusus', '20/08/2000', 'LEMKARI', 54),
(7, 'RINI SETIANINGSIH', 'SRAGEN', 'Kumite -55 Kg Senior Putri ', '30/10/1997', 'LEMKARI', 44),
(8, 'RESTU PRAMITA HESTI KOMAH', 'SRAGEN', 'Kumite -53 Kg Junior Putri ', '16/03/1999', 'LEMKARI', 50),
(9, 'TAUFIK ARIFAN EFENDI', 'SRAGEN', 'Kumite -52 Kg Kadet Putra Khusus', '25/07/2000', 'LEMKARI', 51),
(10, 'CINTA MAHARANI SUHARSONO PUTRI', 'SRAGEN', 'Kumite +40 Kg Pemula Putri Khusus', '02/03/2005', 'LEMKARI', 42),
(11, 'ARIP WIRA UTAMA', 'SRAGEN', 'Kumite -50 Kg Pemula Putra Khusus', '05/05/2002', 'LEMKARI', 34),
(12, 'AOLINDA TAHARA FA''IZA', 'MIN-NGIJO SRAGEN', 'Kumite -25 Kg Usia Dini Putri Khusus', '03/12/2006', 'LEMKARI', 25),
(13, 'MUHAMMAD DEVA ABDILLAH', 'MIN-NGIJO SRAGEN', 'Kumite -30 Kg Usia Dini Putra Khusus', '26/06/2006', 'LEMKARI', 25),
(14, 'FADILLAH NUR AINNI', 'MIN-NGIJO SRAGEN', 'Kata Perorangan Pra Pemula Putri ', '03/03/2005', 'LEMKARI', NULL),
(15, 'INDANA NAJMU SORAYA', 'MIN-NGIJO SRAGEN', 'Kata Perorangan Pra Pemula Putri ', '22/10/2004', 'LEMKARI', 28),
(16, 'INDANA NAJMU SORAYA', 'MIN-NGIJO SRAGEN', 'Kumite -30 Kg Pra Pemula Putri ', '22/10/2004', 'LEMKARI', 28),
(17, 'SALSABILA AMELIA TIANTIKA', 'MIN-NGIJO SRAGEN', 'Kumite +30 Kg Pra Pemula Putri ', '15/09/2004', 'LEMKARI', 45),
(18, 'ADRIAN SAEKETU', 'MIN-NGIJO SRAGEN', 'Kumite -40 Kg Pemula Putra ', '03/08/2003', 'LEMKARI', 30),
(19, 'IRFAN HIDAYAT', 'MIN-NGIJO SRAGEN', 'Kumite -40 Kg Pemula Putra ', '29/03/2003', 'LEMKARI', 34),
(20, 'AFIF ALKHATAB', 'MIN-NGIJO SRAGEN', 'Kumite +50 Kg Pemula Putra ', '19/02/2003', 'LEMKARI', 67),
(21, 'RIZKY BIMA NURCAHYA', 'MIN-NGIJO SRAGEN', 'Kumite -52 Kg Kadet Putra ', '30/10/2000', 'LEMKARI', 52),
(22, 'BIMA DWI ANTO NUGROHO', 'MIN-NGIJO SRAGEN', 'Kumite +63 Kg Kadet Putra ', '25/01/2001', 'LEMKARI', 70),
(23, 'PUTRI AYU ANGGITA AHMAD', 'MIN-NGIJO SRAGEN', 'Kumite +40 Kg Pemula Putri ', '25/04/2003', 'LEMKARI', 42),
(24, 'AFIA HENING RASYIDA', 'MIN-NGIJO SRAGEN', 'Kumite -48 Kg Junior Putri ', '16/06/1999', 'LEMKARI', 44),
(25, 'VIRA RACHMASARI', 'MIN-NGIJO SRAGEN', 'Kumite +59 Kg Junior Putri ', '16/09/1998', 'LEMKARI', 63),
(26, 'EUNIKE NOVITA SAEKETU', 'MIN-NGIJO SRAGEN', 'Kumite -55 Kg Senior Putri ', '14/11/1997', 'LEMKARI', 70),
(27, 'RISKA APRILIYA', 'MIN-NGIJO SRAGEN', 'Kumite -55 Kg Senior Putri ', '07/04/1994', 'LEMKARI', 48),
(28, 'M. NAILUL WAFA', 'KENDAL', 'Kumite -57 Kg Kadet Putra Khusus', '03/01/2000', 'LEMKARI', 54),
(29, 'WISNU WARDHANA SETIYANTO', 'KENDAL', 'Kumite -57 Kg Kadet Putra Khusus', '29/11/1999', 'LEMKARI', 54),
(30, 'SRI DARMAWANTI', 'KENDAL', 'Kumite -47 Kg Kadet Putri Khusus', '27/03/2000', 'LEMKARI', 45),
(31, 'NARA RENDRA RIZAL SETIA MANALU', 'KENDAL', 'Kumite -30 Kg Usia Dini Putra ', '28/08/2006', 'LEMKARI', 19),
(32, 'MUHAMMAD ARDIKA DESTIAN NUGRAHA', 'KENDAL', 'Kumite -30 Kg Usia Dini Putra ', '21/12/2005', 'LEMKARI', 23),
(33, 'MUHAMMAD ARDIKA DESTIAN NUGRAHA', 'KENDAL', 'Kata Perorangan Usia Dini Putra ', '22/12/2005', 'LEMKARI', 23),
(34, 'LINTANG KURNIA RAMADHANI', 'KENDAL', 'Kumite -25 Kg Usia Dini Putri ', '04/10/2006', 'LEMKARI', 25),
(35, 'AURELIA RISQITA ANINDYA DEWANTI', 'KENDAL', 'Kumite +25 Kg Usia Dini Putri ', '05/07/2006', 'LEMKARI', 41),
(36, 'ARYAPUTRA SATRIA ARDISKA', 'KENDAL', 'Kumite -35 Kg Pra Pemula Putra ', '04/11/2003', 'LEMKARI', 32),
(37, 'HANDIKA YUDISTIRA', 'KENDAL', 'Kumite +35 Kg Pra Pemula Putra ', '22/12/2004', 'LEMKARI', 38),
(38, 'IKNE SEPTIA SARI', 'KENDAL', 'Kumite -30 Kg Pra Pemula Putri ', '23/09/2004', 'LEMKARI', 24),
(39, 'IKNE SEPTIA SARI', 'KENDAL', 'Kata Perorangan Pra Pemula Putri ', '23/01/1900', 'LEMKARI', 24),
(40, 'DITA CAHYA PUSPITA', 'KENDAL', 'Kumite +30 Kg Pra Pemula Putri ', '16/12/2003', 'LEMKARI', 30),
(41, 'MUHAMMAD HUSNI FIRDAUS', 'KENDAL', 'Kumite -35 Kg Pra Pemula Putra ', '20/11/2004', 'LEMKARI', 34),
(42, 'PITA ARIFIANI', 'KENDAL', 'Kumite +30 Kg Pra Pemula Putri ', '12/03/2004', 'LEMKARI', 36),
(43, 'MUFIT', 'KENDAL', 'Kumite -40 Kg Pemula Putra ', '18/02/2003', 'LEMKARI', 28),
(44, 'QOYYUM ABDURAHMAN', 'KENDAL', 'Kumite -40 Kg Pemula Putra ', '29/12/2002', 'LEMKARI', 30),
(45, 'BAGUS RIZQIAWAN', 'KENDAL', 'Kumite -40 Kg Pemula Putra ', '01/03/2003', 'LEMKARI', 29),
(46, 'IKE NOVI TRIYANASARI', 'KENDAL', 'Kumite -35 Kg Pemula Putri ', '04/11/2002', 'LEMKARI', 23),
(47, 'NISA RAMADHANI', 'KENDAL', 'Kumite -40 Kg Pemula Putri ', '24/11/2002', 'LEMKARI', 37),
(48, 'FANNY YUNIOR ABDILAH PRATAMA', 'KENDAL', 'Kumite -52 Kg Kadet Putra ', '15/07/2000', 'LEMKARI', NULL),
(49, 'DAFFY MUHAMMAD HIFAZ', 'KENDAL', 'Kumite -52 Kg Kadet Putra ', '18/10/2001', 'LEMKARI', 29),
(50, 'ANGGER RESTU BASUNONDO', 'KENDAL', 'Kumite -63 Kg Kadet Putra ', '02/04/2000', 'LEMKARI', 60),
(51, 'IMELDA CHARLY VIA', 'KENDAL', 'Kumite -47 Kg Kadet Putri ', '21/01/2001', 'LEMKARI', 45),
(52, 'MAHARANI KUSUMA PUTRI', 'KENDAL', 'Kumite -54 Kg Kadet Putri ', '16/01/2000', 'LEMKARI', 50),
(53, 'PUTRI PRATAMASARI', 'KENDAL', 'Kumite -54 Kg Kadet Putri ', '11/04/2001', 'LEMKARI', 50),
(54, 'SAHNING DIAH SAPUTRI', 'KENDAL', 'Kumite +54 Kg Kadet Putri ', '11/09/2000', 'LEMKARI', 60),
(55, 'WISNU SETYO AJI ', 'KENDAL', 'Kumite -55 Kg Junior Putra ', '03/08/1998', 'LEMKARI', 49),
(56, 'MUKHAMAD NUR HABIB FIRDAUS', 'KENDAL', 'Kumite -55 Kg Junior Putra ', '09/01/1998', 'LEMKARI', 51),
(57, 'ANANDITYA RESTU', 'KENDAL', 'Kumite -61 Kg Junior Putra ', '07/06/1998', 'LEMKARI', 60),
(58, 'ANANDITYA RESTU', 'KENDAL', 'Kata Perorangan Junior Putra ', '08/06/1998', 'LEMKARI', 60),
(59, 'NUR CHAKIKI RAMADIANSYAH', 'KENDAL', 'Kumite -76 Kg Junior Putra ', '29/12/1998', 'LEMKARI', 68),
(60, 'HILDA SAFITRI', 'KENDAL', 'Kumite -48 Kg Junior Putri ', '18/10/1999', 'LEMKARI', 44),
(61, 'GITA FITRIANI ', 'KENDAL', 'Kumite -53 Kg Junior Putri ', '18/01/1999', 'LEMKARI', NULL),
(62, 'ADITYA SETIASIH ', 'KENDAL', 'Kumite -53 Kg Junior Putri ', '26/12/1998', 'LEMKARI', NULL),
(63, 'FEBRI SULISTYOWATI', 'KENDAL', 'Kumite -59 Kg Junior Putri ', '03/02/1998', 'LEMKARI', 58),
(64, 'SURANI ', 'KENDAL', 'Kumite -60 Kg Senior Putra ', '06/06/1996', 'LEMKARI', 47),
(65, 'TUHFAH', 'KENDAL', 'Kumite -55 Kg Senior Putri ', '23/12/1995', 'LEMKARI', 41),
(66, 'AFIF FACHRUR', 'KENDAL', 'Kumite -67 Kg Senior Putra ', '25/07/1997', 'LEMKARI', 63),
(67, 'SUKOMERMO', 'KENDAL', 'Kumite Perorangan Veteran II Putra', '05/04/1970', 'LEMKARI', NULL),
(68, 'NAUFAL DZAKI', 'SGR KARATE CLUB SURAKARTA', 'Kumite -76 Kg Junior Putra ', '14/10/1999', 'LEMKARI', 69),
(69, 'MUHAMMAD HAFIDZ ASSIDDIQ ', 'SGR KARATE CLUB SURAKARTA', 'Kumite +63 Kg Kadet Putra ', '16/01/2000', 'LEMKARI', 81),
(70, 'SURYA RASA SEJATI', 'SGR KARATE CLUB SURAKARTA', 'Kumite +63 Kg Kadet Putra Khusus', '20/03/2000', 'LEMKARI', 61),
(71, 'BOBY NARIYANTO SAPUTRA', 'SGR KARATE CLUB SURAKARTA', 'Kumite -55 Kg Junior Putra ', '04/09/1999', 'LEMKARI', 49),
(72, 'NAFIS WIYAN IBNU RIZALDI', 'SGR KARATE CLUB SURAKARTA', 'Kata Perorangan Junior Putra ', '17/12/1999', 'LEMKARI', 47),
(73, 'NAFIS WIYAN IBNU RIZALDI', 'SGR KARATE CLUB SURAKARTA', 'Kumite -55 Kg Junior Putra ', '17/12/1999', 'LEMKARI', 47),
(74, 'ILHAM RIDWAN SANTOSO', 'SGR KARATE CLUB SURAKARTA', 'Kumite -61 Kg Junior Putra ', '06/03/1998', 'LEMKARI', 61),
(75, 'EVA HIDAYANA', 'SGR KARATE CLUB SURAKARTA', 'Kata Beregu Junior - Senior Putri', '07/07/1999', 'LEMKARI', 50),
(76, 'NOVENDA HIJRAH NUGRAHENI PRAMUKTI', 'SGR KARATE CLUB SURAKARTA', 'Kata Beregu Junior - Senior Putri', '01/11/1998', 'LEMKARI', 42),
(77, 'WIRANTHI ATIKHA SYURI', 'SGR KARATE CLUB SURAKARTA', 'Kata Beregu Junior - Senior Putri', '27/02/1999', 'LEMKARI', 63),
(78, 'WIRANTHI ATIKHA SYURI', 'SGR KARATE CLUB SURAKARTA', 'Kumite +59 Kg Junior Putri ', '27/02/1999', 'LEMKARI', 63),
(79, 'NANDADARYSHA', 'SGR KARATE CLUB SURAKARTA', 'Kumite -53 Kg Junior Putri ', '18/05/1999', 'LEMKARI', 51),
(80, 'YANUAR EKA MILLENIAWAN', 'SGR KARATE CLUB SURAKARTA', 'Kumite +63 Kg Kadet Putra Khusus', '22/01/2000', 'LEMKARI', 78),
(81, 'DHINA GANDHINI', 'SGR KARATE CLUB SURAKARTA', 'Kumite -48 Kg Junior Putri ', '26/02/1999', 'LEMKARI', 46),
(82, 'HENY SETYANINGSIH', 'SGR KARATE CLUB SURAKARTA', 'Kumite -55 Kg Senior Putri ', '02/10/1997', 'LEMKARI', 52),
(83, 'ARUM RUJIATI', 'SGR KARATE CLUB SURAKARTA', 'Kumite -53 Kg Junior Putri ', '11/07/1998', 'LEMKARI', 49),
(84, 'ARIZQA ULFA PUTRIYANI', 'SGR KARATE CLUB SURAKARTA', 'Kumite -55 Kg Senior Putri ', '02/09/1996', 'LEMKARI', 43),
(85, 'MUHAMMAD PRASETYO', 'SGR KARATE CLUB SURAKARTA', 'Kata Perorangan Senior Putra ', '12/02/1996', 'LEMKARI', 86),
(86, 'MUHAMMAD PRASETYO', 'SGR KARATE CLUB SURAKARTA', 'Kumite +75 Kg Senior Putra ', '12/02/1996', 'LEMKARI', 86),
(87, 'YULIANA PURNAMA SARI', 'TAYU', 'Kumite +30 Kg Pra Pemula Putri ', '14/07/2005', 'LEMKARI', 52),
(88, 'HANGGAR APRILYA', 'TAYU', 'Kumite -54 Kg Kadet Putri Khusus', '21/04/2000', 'LEMKARI', 50),
(89, 'DYAH AYU RETNO WULAN', 'TAYU', 'Kumite -54 Kg Kadet Putri Khusus', '18/05/2000', 'LEMKARI', 54),
(90, 'ADITA AYU SETYOWATI', 'TAYU', 'Kumite -76 Kg Junior Putra ', '26/02/2000', 'LEMKARI', 55),
(91, 'ROSALINDA NURLIZAWANTI', 'TAYU', 'Kumite -47 Kg Kadet Putri Khusus', '29/11/1999', 'LEMKARI', 43),
(92, 'CHELLY MAHARDIKA PUTRI', 'TAYU', 'Kumite -47 Kg Kadet Putri Khusus', '07/04/1999', 'LEMKARI', 45),
(93, 'MIR''ATUTS TSANIYYATUL MUNAA', 'TAYU', 'Kumite -54 Kg Kadet Putri Khusus', '18/11/1999', 'LEMKARI', 48),
(94, 'UKI KARTIKA SARI', 'TAYU', 'Kumite -54 Kg Kadet Putri ', '18/02/1999', 'LEMKARI', 54),
(95, 'NABELLA LARAS SAFITRI', 'TAYU', 'Kumite +54 Kg Kadet Putri ', '28/01/1999', 'LEMKARI', 55),
(96, 'ATIQOH NOVITA SARI', 'TAYU', 'Kumite -54 Kg Kadet Putri ', '15/11/1999', 'LEMKARI', 53),
(97, 'AHMAD SHOFI''I', 'TAYU', 'Kumite -68 Kg Junior Putra ', '05/07/1999', 'LEMKARI', 68),
(98, 'ROHMAD SA''TORI', 'TAYU', 'Kumite -55 Kg Junior Putra ', '25/10/1999', 'LEMKARI', 54),
(99, 'EKA SRI MURYANI', 'TAYU', 'Kumite -53 Kg Junior Putri ', '07/01/1998', 'LEMKARI', 50),
(100, 'DIANA PUSPITASARI', 'TAYU', 'Kumite -53 Kg Junior Putri ', '02/05/1998', 'LEMKARI', 51),
(101, 'OKTAFIA MURITA RAHMAWATI', 'TAYU', 'Kumite -59 Kg Junior Putri ', '23/10/1998', 'LEMKARI', 55),
(102, 'SRI WAHYUNIHSIH', 'TAYU', 'Kumite -59 Kg Junior Putri ', '26/04/1987', 'LEMKARI', 58),
(103, 'GRACIA VANYA', 'PURBALINGGA', 'Kata Perorangan Usia Dini Putri Khusus', '11/06/2007', 'LEMKARI', NULL),
(104, 'VIORENTINO JULIFIA NURMAFIANTO', 'PURBALINGGA', 'Kata Beregu Pemula - Kadet Putra', '05/06/2003', 'LEMKARI', 30),
(105, 'VIORENTINO JULIFIA NURMAFIANTO', 'PURBALINGGA', 'Kumite -40 Kg Pemula Putra ', '05/06/2003', 'LEMKARI', 30),
(106, 'VIORENTINO JULIFIA NURMAFIANTO', 'PURBALINGGA', 'Kata Perorangan Pemula Putra ', '05/06/2003', 'LEMKARI', 30),
(107, 'ARDEN HABIBULLAH', 'PURBALINGGA', 'Kata Beregu Pemula - Kadet Putra', '05/06/2004', 'LEMKARI', 37),
(108, 'ARDEN HABIBULLAH', 'PURBALINGGA', 'Kata Perorangan Pemula Putra ', '05/06/2004', 'LEMKARI', 37),
(109, 'JANNAT HASBILLAH ROYAN ASAGAM', 'PURBALINGGA', 'Kata Beregu Pemula - Kadet Putra', '21/06/2005', 'LEMKARI', 43),
(110, 'JANNAT HASBILLAH ROYAN ASAGAM', 'PURBALINGGA', 'Kumite -52 Kg Kadet Putra ', '21/06/2005', 'LEMKARI', 43),
(111, 'JANNAT HASBILLAH ROYAN ASAGAM', 'PURBALINGGA', 'Kata Perorangan Kadet Putra ', '21/06/2005', 'LEMKARI', 43),
(112, 'KHARISMA ASMARANI', 'KUDUS', 'Kumite +54 Kg Kadet Putri ', '12/08/2000', 'LEMKARI', 61),
(113, 'KHARISMA ASMARANI', 'KUDUS', 'Kata Perorangan Kadet Putri ', '12/08/2000', 'LEMKARI', 61),
(114, 'KHARISMA ASMARANI', 'KUDUS', 'Kata Beregu Pemula - Kadet Putri', '12/08/2000', 'LEMKARI', 61),
(115, 'LUTFIA AGUSTINA RISTIYANI', 'KUDUS', 'Kumite -54 Kg Kadet Putri ', '13/08/2000', 'LEMKARI', 50),
(116, 'LUTFIA AGUSTINA RISTIYANI', 'KUDUS', 'Kata Perorangan Kadet Putri ', '13/08/2000', 'LEMKARI', 50),
(117, 'LUTFIA AGUSTINA RISTIYANI', 'KUDUS', 'Kata Beregu Pemula - Kadet Putri', '13/08/2000', 'LEMKARI', 50),
(118, 'RISZA AULIA ANINDHITA', 'KUDUS', 'Kumite +40 Kg Pemula Putri ', '15/12/2002', 'LEMKARI', 41),
(119, 'RISZA AULIA ANINDHITA', 'KUDUS', 'Kata Perorangan Pemula Putri ', '15/12/2002', 'LEMKARI', 41),
(120, 'RISZA AULIA ANINDHITA', 'KUDUS', 'Kata Beregu Pemula - Kadet Putri', '15/12/2002', 'LEMKARI', 41),
(121, 'RAHARDIAN SATRIA PRAMUDITA', 'KUDUS', 'Kumite -45 Kg Pemula Putra ', '24/08/2002', 'LEMKARI', 44),
(122, 'RAHARDIAN SATRIA PRAMUDITA', 'KUDUS', 'Kata Perorangan Pemula Putra ', '24/08/2002', 'LEMKARI', 44),
(123, 'LATHIFUL KHAIRUR RASYID G.S', 'KUDUS', 'Kumite +35 Kg Pra Pemula Putra ', '21/08/2005', 'LEMKARI', 35),
(124, 'LATHIFUL KHAIRUR RASYID G.S', 'KUDUS', 'Kata Perorangan Pra Pemula Putra ', '21/08/2005', 'LEMKARI', 35),
(125, 'MUHAMMAD DZAKA HIBATULLAH', 'KUDUS', 'Kumite +30 Kg Usia Dini Putra ', '03/01/2006', 'LEMKARI', 34),
(126, 'MUHAMMAD DZAKA HIBATULLAH', 'KUDUS', 'Kata Perorangan Usia Dini Putra ', '03/01/2006', 'LEMKARI', 34),
(127, 'YUNITA INDRIYANI KURNIA', 'KUDUS', 'Kata Perorangan Usia Dini Putri ', '01/06/2006', 'LEMKARI', 27),
(128, 'YUNITA INDRIYANI KURNIA', 'KUDUS', 'Kumite +25 Kg Usia Dini Putri ', '01/06/2006', 'LEMKARI', 27),
(129, 'RAGIL BAGUS HARIYANTO', 'KUDUS', 'Kumite -52 Kg Kadet Putra ', '30/07/2007', 'LEMKARI', 47),
(130, 'MUHAMMAD KHOLIF', 'KUDUS', 'Kumite -52 Kg Kadet Putra ', '06/06/2001', 'LEMKARI', 49),
(131, 'MUHAMMAD SIGID', 'KUDUS', 'Kumite -40 Kg Pemula Putra ', '30/07/2003', 'LEMKARI', 35),
(132, 'LUINA SHOFIYA AZZAHRA', 'KUDUS', 'Kumite -47 Kg Kadet Putri ', '08/02/2001', 'LEMKARI', 45),
(133, 'ERINA YOWITA PRABAWATI', 'KUDUS', 'Kumite +54 Kg Kadet Putri ', '06/09/2001', 'LEMKARI', 57),
(134, 'DAVE KUKUH PRASANTYO NUGROHO', 'KUDUS', 'Kumite -35 Kg Pra Pemula Putra ', '01/08/2005', 'LEMKARI', 26),
(135, 'CHOIRUL MUNAWAROH', 'KUDUS', 'Kumite -59 Kg Junior Putri ', '11/02/1999', 'LEMKARI', 56),
(136, 'RAHMA DESI ANDRAINI', 'KUDUS', 'Kumite -53 Kg Junior Putri ', '31/12/1998', 'LEMKARI', 52),
(137, 'SANIA SEPTIANI', 'KUDUS', 'Kumite -48 Kg Junior Putri ', '05/09/1998', 'LEMKARI', 36),
(138, 'HELMI AINUN NA''IM', 'KUDUS', 'Kumite -67 Kg Senior Putra ', '17/04/1992', 'LEMKARI', 67),
(139, 'ABDUL HARIS', 'KUDUS', 'Kumite Perorangan Veteran II Putra', '21/11/1973', 'LEMKARI', 80),
(140, 'ABDUL HARIS', 'KUDUS', 'Kata Perorangan Veteran II Putra', '21/11/1973', 'LEMKARI', 80),
(141, 'MUHAMMAD TAUFIQ', 'KUDUS', 'Kumite Perorangan Veteran I Putra', NULL, 'LEMKARI', 70),
(142, 'MUHAMMAD ROY PRASETYO', 'KUDUS', 'Kumite -35 Kg Pra Pemula Putra Khusus', '20/07/2005', 'LEMKARI', 25),
(143, 'RIFQI ARIYANTO', 'KUDUS', 'Kumite +35 Kg Pra Pemula Putra Khusus', '16/03/2004', 'LEMKARI', 35),
(144, 'NASYIFUDDIN AL A''LA', 'KUDUS', 'Kumite -52 Kg Kadet Putra Khusus', '04/03/2001', 'LEMKARI', 50),
(145, 'SATRIO WANYA N', 'KUDUS', 'Kumite -40 Kg Pemula Putra Khusus', '09/10/2002', 'LEMKARI', 38),
(146, 'AMELIA NURUL P', 'KUDUS', 'Kumite +40 Kg Pemula Putri Khusus', '01/12/2002', 'LEMKARI', 43),
(147, 'BAGUS PANGESTU NOOR HIDAYATULLOH', 'KUDUS', 'Kumite -35 Kg Pra Pemula Putra Khusus', '29/03/2002', 'LEMKARI', 35),
(148, 'BAGUS PANGESTU NOOR HIDAYATULLOH', 'KUDUS', 'Kata Perorangan Pra Pemula Putra Khusus', '29/03/2002', 'LEMKARI', 35),
(149, 'DWI ATMAJA PUJA R', 'KUDUS', 'Kumite +50 Kg Pemula Putra Khusus', '07/05/2002', 'LEMKARI', 61),
(150, 'DWI ATMAJA PUJA R', 'KUDUS', 'Kata Perorangan Pemula Putra Khusus', '07/05/2002', 'LEMKARI', 61),
(151, 'TRIA MALICHATUN NIDA', 'KUDUS', 'Kumite +40 Kg Pemula Putri Khusus', '27/08/2002', 'LEMKARI', 39),
(152, 'TRIA MALICHATUN NIDA', 'KUDUS', 'Kata Perorangan Pemula Putri Khusus', '27/08/2002', 'LEMKARI', 35),
(153, 'WULANDARI DWISULISTYOWATI', 'DOJO LEMKARI KARTASURA', 'Kumite -47 Kg Kadet Putri ', '01/09/2001', 'LEMKARI', 43),
(154, 'ELSA PUTRI YANTI', 'DOJO LEMKARI KARTASURA', 'Kumite -54 Kg Kadet Putri ', '05/05/2001', 'LEMKARI', 49),
(155, 'MUHAMMAD GHUFRON MUSTNAFA', 'DOJO LEMKARI KARTASURA', 'Kumite +63 Kg Kadet Putra ', '26/09/2000', 'LEMKARI', 67),
(156, 'CALISTA ANANDA YUDI KUSUMA', 'DOJO LEMKARI KARTASURA', 'Kumite -48 Kg Junior Putri ', '19/11/1999', 'LEMKARI', 38),
(157, 'MUZAYANAH MUNAWAROH', 'DOJO LEMKARI KARTASURA', 'Kumite +59 Kg Junior Putri ', '05/12/1999', 'LEMKARI', 67),
(158, 'ARIF FUDIN NOOR ROCHMAT', 'DOJO LEMKARI KARTASURA', 'Kumite -55 Kg Junior Putra ', '20/06/1998', 'LEMKARI', 55),
(159, 'LUTFAN PARWITTO ADI', 'DOJO LEMKARI KARTASURA', 'Kumite -61 Kg Junior Putra ', '16/12/1998', 'LEMKARI', 58),
(160, 'R.BRE NARASINGAMURTI MAHENDRATA', 'DOJO LEMKARI KARTASURA', 'Kumite -55 Kg Senior Putri ', '28/01/1999', 'LEMKARI', 95),
(161, 'KENZHA OMAR JAYAD SATRIA', 'KABUPATEN BATANG', 'Kumite +35 Kg Pra Pemula Putra Khusus', '30/03/2004', 'LEMKARI', 51),
(162, 'FALA DIVA', 'KABUPATEN BATANG', 'Kumite -30 Kg Pra Pemula Putri Khusus', '29/04/2005', 'LEMKARI', 27),
(163, 'MERRY ROSITALIA', 'KABUPATEN BATANG', 'Kumite +30 Kg Pra Pemula Putri Khusus', '30/06/2004', 'LEMKARI', 61),
(164, 'ZEVIANA MELINDA', 'KABUPATEN BATANG', 'Kumite -54 Kg Kadet Putri Khusus', '18/09/2001', 'LEMKARI', 49),
(165, 'FAJAR PRADANA', 'KABUPATEN BATANG', 'Kumite -63 Kg Kadet Putra ', '28/08/2000', 'LEMKARI', 61),
(166, 'ILHAM FIKI ARIF', 'KABUPATEN BATANG', 'Kumite -55 Kg Junior Putra ', '24/03/1999', 'LEMKARI', 50),
(167, 'KUKUH PRAYOGA', 'KABUPATEN BATANG', 'Kumite -75 Kg Senior Putra ', '12/09/1991', 'LEMKARI', NULL),
(168, 'BAGAS SATRIO ALIYUDIN', 'KABUPATEN BATANG', 'Kumite -40 Kg Pemula Putra ', '10/07/2002', 'LEMKARI', 35),
(169, 'GHIFARY AKMAL PRIMASTAWAN', 'KABUPATEN BATANG', 'Kumite -40 Kg Pemula Putra Khusus', '15/02/2003', 'LEMKARI', 31),
(170, 'CUCU RIDA YUSETIAWAN', 'KABUPATEN BATANG', 'Kumite -55 Kg Junior Putra ', '19/01/1999', 'LEMKARI', 50),
(171, 'ARDELLE STINA AABIDAH', 'PEKALONGAN', 'Kumite -25 Kg Usia Dini Putri ', '21/05/2007', 'LEMKARI', 24),
(172, 'ARDELLE STINA AABIDAH', 'PEKALONGAN', 'Kata Perorangan Usia Dini Putri ', '21/05/2007', 'LEMKARI', 24),
(173, 'MUHAMMAD ARJUN NAJAH', 'PEKALONGAN', 'Kumite -63 Kg Kadet Putra ', '01/05/2001', 'LEMKARI', 60),
(174, 'FADLILIANA MUNTAZ SYARIFAH', 'PEKALONGAN', 'Kumite +54 Kg Kadet Putri ', '24/02/2000', 'LEMKARI', 55),
(175, 'TEGAR DIMAS SETIAJI', 'PEKALONGAN', 'Kumite -52 Kg Kadet Putra ', '02/12/1999', 'LEMKARI', 49),
(176, 'CEMPAKA NUR FATIMAH', 'PEKALONGAN', 'Kata Perorangan Junior Putri ', '10/08/1999', 'LEMKARI', 47),
(177, 'CEMPAKA NUR FATIMAH', 'PEKALONGAN', 'Kumite -48 Kg Junior Putri ', '10/08/1999', 'LEMKARI', 47),
(178, 'NUR MAKHABAH', 'PEKALONGAN', 'Kata Perorangan Junior Putri ', '15/11/1998', 'LEMKARI', 54),
(179, 'NUR MAKHABAH', 'PEKALONGAN', 'Kumite -59 Kg Junior Putri ', '15/11/1998', 'LEMKARI', 54),
(180, 'DWANI DELTANIA', 'PEKALONGAN', 'Kumite -53 Kg Junior Putri ', '31/05/1999', 'LEMKARI', 49),
(181, 'AZIZ HARYANTO', 'PEKALONGAN', 'Kata Perorangan Senior Putra ', '14/09/1997', 'LEMKARI', 41),
(182, 'AZIZ HARYANTO', 'PEKALONGAN', 'Kumite -60 Kg Senior Putra ', '14/09/1997', 'LEMKARI', 41),
(183, 'DARUS INDRA SETYAWAN', 'PEKALONGAN', 'Kumite -67 Kg Senior Putra ', '21/02/1992', 'LEMKARI', NULL),
(184, 'ARYO DARYO', 'PEKALONGAN', 'Kata Perorangan Senior Putra ', '13/07/1979', 'LEMKARI', NULL),
(185, 'ARYO DARYO', 'PEKALONGAN', 'Kumite Perorangan Veteran I Putra', NULL, 'LEMKARI', NULL),
(186, 'NAZWA ZAHROTUS SITA', 'MANDIRI KARATE CLUB', 'Kata Perorangan Usia Dini Putri Khusus', '29/11/2007', 'LEMKARI', 20),
(187, 'NAZWA ZAHROTUS SITA', 'MANDIRI KARATE CLUB', 'Kumite -25 Kg Usia Dini Putri Khusus', '29/11/2007', 'LEMKARI', 21),
(188, 'VICKO RAMA DAVI', 'MANDIRI KARATE CLUB', 'Kumite -30 Kg Usia Dini Putra Khusus', '24/11/2007', 'LEMKARI', 23),
(189, 'ACHMAD ZIDAN FACHRURROZI', 'MANDIRI KARATE CLUB', 'Kata Beregu Usia Dini - Pra Pemula Putra', '02/10/2005', 'LEMKARI', 32),
(190, 'ACHMAD ZIDAN FACHRURROZI', 'MANDIRI KARATE CLUB', 'Kata Perorangan Pra Pemula Putra ', '02/10/2005', 'LEMKARI', 32),
(191, 'DAVIQ NAZRIL ISLAMY', 'MANDIRI KARATE CLUB', 'Kata Perorangan Usia Dini Putra ', '09/07/2007', 'LEMKARI', 26),
(192, 'DAVIQ NAZRIL ISLAMY', 'MANDIRI KARATE CLUB', 'Kata Beregu Usia Dini - Pra Pemula Putra', '09/07/2007', 'LEMKARI', 26),
(193, 'DAVIQ NAZRIL ISLAMY', 'MANDIRI KARATE CLUB', 'Kumite -30 Kg Usia Dini Putra ', '09/07/2007', 'LEMKARI', 26),
(194, 'DHEVANGGA NICKOLAS ADHI WIJAYA', 'MANDIRI KARATE CLUB', 'Kata Perorangan Usia Dini Putra ', '30/03/2006', 'LEMKARI', 34),
(195, 'REVALDO LINGGAR JEFFRIANTO', 'MANDIRI KARATE CLUB', 'Kumite +30 Kg Usia Dini Putra ', '20/03/2006', 'LEMKARI', 45),
(196, 'I''TISHAM FAUZITAMA GUNAWAN', 'MANDIRI KARATE CLUB', 'Kata Perorangan Usia Dini Putra ', '01/03/2006', 'LEMKARI', 40),
(197, 'I''TISHAM FAUZITAMA GUNAWAN', 'MANDIRI KARATE CLUB', 'Kata Beregu Usia Dini - Pra Pemula Putra', '01/03/2006', 'LEMKARI', 40),
(198, 'I''TISHAM FAUZITAMA GUNAWAN', 'MANDIRI KARATE CLUB', 'Kumite +30 Kg Usia Dini Putra ', '01/03/2006', 'LEMKARI', 40),
(199, 'ANNIDA KARIMA', 'MANDIRI KARATE CLUB', 'Kata Perorangan Usia Dini Putri ', '07/05/2006', 'LEMKARI', 23),
(200, 'ANNIDA KARIMA', 'MANDIRI KARATE CLUB', 'Kumite -25 Kg Usia Dini Putri ', '07/05/2006', 'LEMKARI', 23),
(201, 'FIRELA PUTRI DIVARANITA', 'MANDIRI KARATE CLUB', 'Kata Perorangan Usia Dini Putri ', '05/05/2005', 'LEMKARI', 28),
(202, 'FIRELA PUTRI DIVARANITA', 'MANDIRI KARATE CLUB', 'Kumite +25 Kg Usia Dini Putri ', '05/05/2005', 'LEMKARI', 28),
(203, 'YUNAN FAHRIJAL DIANDRA PUTRA', 'MANDIRI KARATE CLUB', 'Kumite -35 Kg Pra Pemula Putra ', '11/06/2003', 'LEMKARI', 26),
(204, 'NUZUL YASA FAIRUZ APTA MABRUR', 'MANDIRI KARATE CLUB', 'Kata Beregu Usia Dini - Pra Pemula Putra', '08/04/2004', 'LEMKARI', 31),
(205, 'NUZUL YASA FAIRUZ APTA MABRUR', 'MANDIRI KARATE CLUB', 'Kata Perorangan Pra Pemula Putra ', '08/04/2004', 'LEMKARI', 31),
(206, 'NUZUL YASA FAIRUZ APTA MABRUR', 'MANDIRI KARATE CLUB', 'Kumite -35 Kg Pra Pemula Putra ', '08/04/2004', 'LEMKARI', 31),
(207, 'ALDO ALLAN WICAKSONO', 'MANDIRI KARATE CLUB', 'Kata Perorangan Pra Pemula Putra ', '06/12/2004', 'LEMKARI', NULL),
(208, 'ALDO ALLAN WICAKSONO', 'MANDIRI KARATE CLUB', 'Kata Beregu Usia Dini - Pra Pemula Putra', '06/12/2004', 'LEMKARI', NULL),
(209, 'REZA ARDANA', 'MANDIRI KARATE CLUB', 'Kumite -35 Kg Pra Pemula Putra ', '03/08/2004', 'LEMKARI', 25),
(210, 'KHOIRUL UMAM MUHZHORI', 'MANDIRI KARATE CLUB', 'Kata Perorangan Pra Pemula Putra ', '19/08/2004', 'LEMKARI', 30),
(211, 'KHOIRUL UMAM MUHZHORI', 'MANDIRI KARATE CLUB', 'Kumite -35 Kg Pra Pemula Putra ', '19/08/2004', 'LEMKARI', 30),
(212, 'KHOIRUL UMAM MUHZHORI', 'MANDIRI KARATE CLUB', 'Kata Beregu Usia Dini - Pra Pemula Putra', '19/08/2004', 'LEMKARI', 30),
(213, 'SALMA AYU ZAKIYAH', 'MANDIRI KARATE CLUB', 'Kata Perorangan Pra Pemula Putri ', '27/10/2004', 'LEMKARI', 38),
(214, 'SALMA AYU ZAKIYAH', 'MANDIRI KARATE CLUB', 'Kumite +30 Kg Pra Pemula Putri ', '27/10/2004', 'LEMKARI', 38),
(215, 'ELFANDA FARHANTIA SURY', 'MANDIRI KARATE CLUB', 'Kata Perorangan Pemula Putra ', '16/01/2002', 'LEMKARI', 44),
(216, 'ELFANDA FARHANTIA SURY', 'MANDIRI KARATE CLUB', 'Kata Beregu Pemula - Kadet Putra', '16/01/2002', 'LEMKARI', 44),
(217, 'ELFANDA FARHANTIA SURY', 'MANDIRI KARATE CLUB', 'Kumite -45 Kg Pemula Putra ', '16/01/2002', 'LEMKARI', 44),
(218, 'BAGAS RAHESA ADITAMA', 'MANDIRI KARATE CLUB', 'Kata Perorangan Pemula Putra ', '12/02/2002', 'LEMKARI', 30),
(219, 'BAGAS RAHESA ADITAMA', 'MANDIRI KARATE CLUB', 'Kata Beregu Pemula - Kadet Putra', '12/02/2002', 'LEMKARI', 30),
(220, 'BAGAS RAHESA ADITAMA', 'MANDIRI KARATE CLUB', 'Kumite -40 Kg Pemula Putra ', '12/02/2002', 'LEMKARI', 30),
(221, 'DEEVANA HERAWATI', 'MANDIRI KARATE CLUB', 'Kumite +40 Kg Pemula Putri ', '21/10/2001', 'LEMKARI', 50),
(222, 'TEGAR FITRIYANTO', 'MANDIRI KARATE CLUB', 'Kata Perorangan Kadet Putra ', '27/12/2000', 'LEMKARI', 45),
(223, 'TEGAR FITRIYANTO', 'MANDIRI KARATE CLUB', 'Kata Beregu Pemula - Kadet Putra', '27/12/2000', 'LEMKARI', 45),
(224, 'TEGAR FITRIYANTO', 'MANDIRI KARATE CLUB', 'Kumite -52 Kg Kadet Putra ', '27/12/2000', 'LEMKARI', 45),
(225, 'FAZANISA ZULFA IZZATI', 'MANDIRI KARATE CLUB', 'Kumite -54 Kg Kadet Putri ', '29/08/2000', 'LEMKARI', 51),
(226, 'DICKY FRAGIESTY RAMA ANDREA', 'MANDIRI KARATE CLUB', 'Kata Perorangan Junior Putra ', '16/05/1997', 'LEMKARI', 45),
(227, 'DICKY FRAGIESTY RAMA ANDREA', 'MANDIRI KARATE CLUB', 'Kumite -55 Kg Junior Putra ', '16/05/1997', 'LEMKARI', 45),
(228, 'ERA SEPTIYANI', 'MANDIRI KARATE CLUB', 'Kata Perorangan Junior Putri ', '12/09/1998', 'LEMKARI', 55),
(229, 'ERA SEPTIYANI', 'MANDIRI KARATE CLUB', 'Kumite -59 Kg Junior Putri ', '12/09/1998', 'LEMKARI', 55),
(230, 'TEGAR LINTANG WAHYUDI', 'SKI PAGERUYUNG KENDAL', 'Kumite -30 Kg Usia Dini Putra ', '14/12/2005', 'LEMKARI', 29),
(231, 'TIAS DWI KURNIAWATI', 'SKI PAGERUYUNG KENDAL', 'Kumite -54 Kg Kadet Putri ', '16/05/2001', 'LEMKARI', 48),
(232, 'AYU WIDIANINGSIH', 'SKI PAGERUYUNG KENDAL', 'Kumite -40 Kg Pemula Putri ', '28/10/2002', 'LEMKARI', 38),
(233, 'KURNIA DEWI KUSUMAWATI', 'SKI PAGERUYUNG KENDAL', 'Kumite -48 Kg Junior Putri ', '19/06/1998', 'LEMKARI', 48),
(234, 'JOKO WAHYUDI', 'SKI PAGERUYUNG KENDAL', 'Kumite Perorangan Veteran II Putra', NULL, NULL, NULL),
(235, 'INDAH KURNIAWATI', 'DEMAK', 'Kumite -47 Kg Kadet Putri Khusus', '10/07/2001', 'LEMKARI', 43),
(236, 'FATHIN SYEILLA MUNA', 'DEMAK', 'Kumite -35 Kg Pemula Putri Khusus', '10/01/2003', 'LEMKARI', 33),
(237, 'ZUSROTUN NI''MAH', 'DEMAK', 'Kumite -47 Kg Kadet Putri ', '28/11/1999', 'LEMKARI', 45),
(238, 'KUNTI MAWARDATUN NISA''', 'DEMAK', 'Kumite -35 Kg Pemula Putri ', '01/07/2003', 'LEMKARI', 29),
(239, 'MISHBAHUS SURUR', 'DEMAK', 'Kumite -40 Kg Pemula Putra ', '01/08/2002', 'LEMKARI', 29),
(240, 'ALVIANI DYAH RAHMAWATI', 'DEMAK', 'Kumite -53 Kg Junior Putri ', '04/06/1999', 'LEMKARI', 50),
(241, 'AHMAD BAHRUR ROZAQ', 'DEMAK', 'Kumite -55 Kg Junior Putra ', '27/06/1999', 'LEMKARI', 45),
(242, 'SURURUN', 'DEMAK', 'Kumite Perorangan Veteran I Putra', '09/12/1979', 'LEMKARI', NULL),
(243, 'ELI RAHMAWATI', 'DEMAK', 'Kumite -35 Kg Pemula Putri ', '01/01/2002', 'LEMKARI', 35),
(244, 'FATKHUL JANAH', 'DEMAK', 'Kumite -48 Kg Junior Putri ', '07/11/1997', 'LEMKARI', 41),
(245, 'NASWA AULIA WAHYU AJI', 'KEBUMEN', 'Kumite -30 Kg Pra Pemula Putri ', '03/10/2003', 'LEMKARI', 27),
(246, 'NASWA AULIA WAHYU AJI', 'KEBUMEN', 'Kata Perorangan Pra Pemula Putri ', '03/10/2003', 'LEMKARI', 27),
(247, 'NASWA AULIA WAHYU AJI', 'KEBUMEN', 'Kata Beregu Usia Dini - Pra Pemula Putri', '03/10/2003', 'LEMKARI', 27),
(248, 'BIMO RINDRA ARDIAN', 'KEBUMEN', 'Kumite -35 Kg Pra Pemula Putra ', '29/04/2004', 'LEMKARI', 33),
(249, 'BIMO RINDRA ARDIAN', 'KEBUMEN', 'Kata Perorangan Pra Pemula Putra ', '29/04/2004', 'LEMKARI', 33),
(250, 'NALA SYAHRANI', 'KEBUMEN', 'Kumite -30 Kg Pra Pemula Putri ', '27/07/2005', 'LEMKARI', 30),
(251, 'NALA SYAHRANI', 'KEBUMEN', 'Kata Perorangan Pra Pemula Putri ', '27/07/2005', 'LEMKARI', 30),
(252, 'NALA SYAHRANI', 'KEBUMEN', 'Kata Beregu Usia Dini - Pra Pemula Putri', '27/07/2005', 'LEMKARI', 30),
(253, 'NAJWA KHOIRUNNISA SUBEKTI', 'KEBUMEN', 'Kumite +30 Kg Pra Pemula Putri ', '19/03/2004', 'LEMKARI', 40),
(254, 'NAJWA KHOIRUNNISA SUBEKTI', 'KEBUMEN', 'Kata Perorangan Pra Pemula Putri ', '19/03/2004', 'LEMKARI', 40),
(255, 'NAJWA KHOIRUNNISA SUBEKTI', 'KEBUMEN', 'Kata Beregu Usia Dini - Pra Pemula Putri', '19/03/2004', 'LEMKARI', 40),
(256, 'PASYA FABILLAH KUMITE', 'KEBUMEN', 'Kumite -52 Kg Kadet Putra ', '09/12/2000', 'LEMKARI', 47),
(257, 'AKBAR ADI PRANATA', 'KEBUMEN', 'Kumite +63 Kg Kadet Putra ', '27/12/2000', 'LEMKARI', 65),
(258, 'SOLEHUN', 'KEBUMEN', 'Kumite -40 Kg Pemula Putra Khusus', '13/11/2001', 'LEMKARI', 35),
(259, 'ARIF RANDITYA FAHREZI', 'KEBUMEN', 'Kumite -30 Kg Usia Dini Putra Khusus', '30/05/2006', 'LEMKARI', 26),
(260, 'LAELY RAHMA ZAHRAH', 'KEBUMEN', 'Kata Perorangan Usia Dini Putri Khusus', '01/06/2006', 'LEMKARI', 27),
(261, 'LAELY RAHMA ZAHRAH', 'KEBUMEN', 'Kumite +25 Kg Usia Dini Putri Khusus', '01/06/2006', 'LEMKARI', 27),
(262, 'FITRIA RAHAJENG AYUNINGTYAS', 'KEBUMEN', 'Kata Perorangan Pra Pemula Putri Khusus', '16/01/2005', 'LEMKARI', 33),
(263, 'FITRIA RAHAJENG AYUNINGTYAS', 'KEBUMEN', 'Kumite +30 Kg Pra Pemula Putri Khusus', '16/01/2005', 'LEMKARI', 33),
(264, 'ARKAN DHIA NURIL PRATITIS', 'KEBUMEN', 'Kata Perorangan Pemula Putri Khusus', '16/01/2003', 'LEMKARI', 28),
(265, 'ARKAN DHIA NURIL PRATITIS', 'KEBUMEN', 'Kumite -35 Kg Pemula Putri Khusus', '16/01/2003', 'LEMKARI', 28),
(266, 'HAMBARA SULTONI', 'KEBUMEN', 'Kumite -40 Kg Pemula Putra Khusus', '28/01/2003', 'LEMKARI', 32),
(267, 'KAREN NASYWA BELLA ANANDA', 'KEBUMEN', 'Kata Perorangan Pra Pemula Putri Khusus', '11/09/2005', 'LEMKARI', 41),
(268, 'KAREN NASYWA BELLA ANANDA', 'KEBUMEN', 'Kumite +30 Kg Pra Pemula Putri Khusus', '11/09/2005', 'LEMKARI', 41),
(269, 'ARIF PRASETYO', 'KEBUMEN', 'Kumite -40 Kg Pemula Putra Khusus', '30/07/2003', 'LEMKARI', 37),
(270, 'NADHA AL FATHIAR', 'KEBUMEN', 'Kumite -40 Kg Pemula Putra Khusus', '24/09/2003', 'LEMKARI', 37),
(271, 'RIO EGA YULASTA', 'KEBUMEN', 'Kumite +35 Kg Pra Pemula Putra Khusus', '05/03/2005', 'LEMKARI', 54),
(272, 'INDRA RAHMAWAN', 'JEPARA', 'Kumite -68 Kg Junior Putra ', '22/04/1998', 'LEMKARI', 63),
(273, 'ARYA BAYUSEPTA RAFIEZAR', 'JEPARA', 'Kumite +30 Kg Usia Dini Putra Khusus', '29/09/2006', 'LEMKARI', 40),
(274, 'MUHAMMAD FADJAR PRATAMA', 'JEPARA', 'Kumite -35 Kg Pra Pemula Putra Khusus', '20/04/2005', 'LEMKARI', 23),
(275, 'WILDAN THOHA', 'JEPARA', 'Kumite -35 Kg Pra Pemula Putra Khusus', '08/10/2004', 'LEMKARI', 26),
(276, 'RAYHAN PRASETYA NUGRAHA', 'JEPARA', 'Kumite +35 Kg Pra Pemula Putra Khusus', '15/05/2005', 'LEMKARI', 41),
(277, 'WISANGGENI', 'JEPARA', 'Kumite -40 Kg Pemula Putra Khusus', '01/06/2003', 'LEMKARI', 40),
(278, 'WISANGGENI', 'JEPARA', 'Kata Perorangan Pemula Putra Khusus', '01/06/2003', 'LEMKARI', 40),
(279, 'MUHAMMAD FITHRUN NUHA ANTASENA', 'JEPARA', 'Kumite +50 Kg Pemula Putra Khusus', '28/11/2002', 'LEMKARI', 68),
(280, 'NADIA ARIFAH PUTRI', 'JEPARA', 'Kumite -35 Kg Pemula Putri Khusus', '21/02/2002', 'LEMKARI', 35),
(281, 'KARINA ADIBA', 'JEPARA', 'Kumite +40 Kg Pemula Putri Khusus', '02/08/2002', 'LEMKARI', 42),
(282, 'FITRI NUR''AINI', 'JEPARA', 'Kumite +40 Kg Pemula Putri Khusus', '21/02/2003', 'LEMKARI', 44),
(283, 'WINDA', 'JEPARA', 'Kumite +40 Kg Pemula Putri Khusus', '21/12/2001', 'LEMKARI', 57),
(284, 'NAILI NOOR RAHMIYA NOVY', 'JEPARA', 'Kumite +40 Kg Pemula Putri Khusus', '18/11/2001', 'LEMKARI', 46),
(285, 'LINDU DANANG SYAMTALIRA BAYU', 'JEPARA', 'Kata Perorangan Usia Dini Putra ', '27/05/2006', 'LEMKARI', 20),
(286, 'LINDU DANANG SYAMTALIRA BAYU', 'JEPARA', 'Kumite -30 Kg Usia Dini Putra ', '27/05/2006', 'LEMKARI', 20),
(287, 'MUHAMMAD RIZAL KHAIDAR RIZQI ', 'JEPARA', 'Kumite -30 Kg Usia Dini Putra ', '21/02/2006', 'LEMKARI', 25),
(288, 'PUTRI RAHMAWATI', 'JEPARA', 'Kumite -47 Kg Kadet Putri Khusus', '27/08/2000', 'LEMKARI', 39),
(289, 'MUHAMMAD ILHAM FITRINANDA', 'JEPARA', 'Kumite -35 Kg Pra Pemula Putra ', '14/12/2003', 'LEMKARI', 34),
(290, 'MUHAMMAD ILHAM FITRINANDA', 'JEPARA', 'Kumite +30 Kg Pra Pemula Putri ', '14/12/2003', 'LEMKARI', 34),
(291, 'RAHMA JEHAN ALEIVA', 'JEPARA', 'Kata Perorangan Pra Pemula Putri ', '14/06/2004', 'LEMKARI', 31),
(292, 'RAHMA JEHAN ALEIVA', 'JEPARA', 'Kumite +30 Kg Pra Pemula Putri ', '14/06/2004', 'LEMKARI', 31),
(293, 'ZELDA RATIH  AFNANI', 'JEPARA', 'Kumite +30 Kg Pra Pemula Putri ', '01/07/2004', 'LEMKARI', 35),
(294, 'ZELDA RATIH  AFNANI', 'JEPARA', 'Kata Perorangan Pra Pemula Putri ', '01/07/2004', 'LEMKARI', 35),
(295, 'NAOMI SIDHARTA', 'JEPARA', 'Kata Perorangan Pra Pemula Putri ', '19/02/2005', 'LEMKARI', NULL),
(296, 'AHMAD REIHAN ALAVI', 'JEPARA', 'Kumite -40 Kg Pemula Putra ', '21/04/2003', 'LEMKARI', 26),
(297, 'AHMAD REIHAN ALAVI', 'JEPARA', 'Kata Perorangan Pemula Putra ', '21/04/2003', 'LEMKARI', 26),
(298, 'AHMAD REIHAN ALAVI', 'JEPARA', 'Kata Beregu Pemula - Kadet Putra', '21/04/2003', 'LEMKARI', 26),
(299, 'ALDITO MAHENDRA FENALDO PRATAMA', 'JEPARA', 'Kumite +50 Kg Pemula Putra ', '14/07/2002', 'LEMKARI', 50),
(300, 'ALDITO MAHENDRA FENALDO PRATAMA', 'JEPARA', 'Kata Beregu Pemula - Kadet Putra', '14/07/2002', 'LEMKARI', 50),
(301, 'ALDITO MAHENDRA FENALDO PRATAMA', 'JEPARA', 'Kata Perorangan Pemula Putra ', '14/07/2002', 'LEMKARI', 50),
(302, 'RAHMADANI NURIZA ARDHIANSYAH', 'JEPARA', 'Kumite -45 Kg Pemula Putra ', '27/11/2001', 'LEMKARI', 44),
(303, 'RAHMADANI NURIZA ARDHIANSYAH', 'JEPARA', 'Kata Beregu Pemula - Kadet Putra', '27/11/2001', 'LEMKARI', 44),
(304, 'YUDHA SATRIA PRATAMA', 'JEPARA', 'Kumite +50 Kg Pemula Putra ', '03/05/2003', 'LEMKARI', 65),
(305, 'YUDHA SATRIA PRATAMA', 'JEPARA', 'Kata Perorangan Pemula Putra ', NULL, 'LEMKARI', NULL),
(306, 'INANUL KAMILA', 'JEPARA', 'Kumite +40 Kg Pemula Putri ', '10/06/2002', 'LEMKARI', 41),
(307, 'INANUL KAMILA', 'JEPARA', 'Kata Perorangan Pemula Putri ', '10/06/2002', 'LEMKARI', 41),
(308, 'INANUL KAMILA', 'JEPARA', 'Kata Beregu Pemula - Kadet Putri', '10/06/2002', 'LEMKARI', 41),
(309, 'NEVINTA BUDI PRATIWI', 'JEPARA', 'Kata Perorangan Pemula Putri ', '21/11/2001', 'LEMKARI', NULL),
(310, 'NEVINTA BUDI PRATIWI', 'JEPARA', 'Kata Beregu Pemula - Kadet Putri', '21/11/2001', 'LEMKARI', NULL),
(311, 'SAFIA NUR ASHA', 'JEPARA', 'Kumite -35 Kg Pemula Putri ', '20/02/2001', 'LEMKARI', 35),
(312, 'RAVI FIRMAN DWIRAHMA', 'JEPARA', 'Kata Beregu Pemula - Kadet Putra', '17/05/2000', 'LEMKARI', 55),
(313, 'RAVI FIRMAN DWIRAHMA', 'JEPARA', 'Kata Perorangan Kadet Putra ', '17/05/2000', 'LEMKARI', 55),
(314, 'RAVI FIRMAN DWIRAHMA', 'JEPARA', 'Kumite -57 Kg Kadet Putra ', '17/05/2000', 'LEMKARI', 55),
(315, 'ADAM MA''RUF', 'JEPARA', 'Kumite -52 Kg Kadet Putra ', '14/07/2001', 'LEMKARI', 47),
(316, 'ADAM MA''RUF', 'JEPARA', 'Kata Perorangan Kadet Putra ', '14/07/2001', 'LEMKARI', 47),
(317, 'MUHAMMAD ILHAM KARTIKO', 'JEPARA', 'Kata Perorangan Kadet Putra ', '06/07/2001', 'LEMKARI', NULL),
(318, 'MUHAMMAD ILHAM KARTIKO', 'JEPARA', 'Kata Beregu Pemula - Kadet Putra', '06/07/2001', 'LEMKARI', NULL),
(319, 'AUFA HANIF ABIYYU SULTHON', 'JEPARA', 'Kumite +63 Kg Kadet Putra ', '25/12/2000', 'LEMKARI', 69),
(320, 'AUFA HANIF ABIYYU SULTHON', 'JEPARA', 'Kata Perorangan Kadet Putra ', '25/12/2000', 'LEMKARI', 69),
(321, 'AGRANDHISA ZEN RAJENDRA', 'JEPARA', 'Kumite -52 Kg Kadet Putra ', '03/07/2001', 'LEMKARI', 44),
(322, 'REZA SURYA MINATA', 'JEPARA', 'Kumite -52 Kg Kadet Putra ', '27/05/2001', 'LEMKARI', 44),
(323, 'REZA SURYA MINATA', 'JEPARA', 'Kata Beregu Pemula - Kadet Putra', '27/05/2001', 'LEMKARI', 44),
(324, 'ZELETA FEBA HAPRIFANYUNA', 'JEPARA', 'Kumite +54 Kg Kadet Putri ', '12/02/2000', 'LEMKARI', 54),
(325, 'ZELETA FEBA HAPRIFANYUNA', 'JEPARA', 'Kata Beregu Pemula - Kadet Putri', '12/02/2000', 'LEMKARI', 54),
(326, 'ZELETA FEBA HAPRIFANYUNA', 'JEPARA', 'Kata Perorangan Kadet Putri ', '12/02/2000', 'LEMKARI', 54),
(327, 'ANGGIT ASTU NGKARASATYAS', 'JEPARA', 'Kata Perorangan Kadet Putri ', '04/04/2001', 'LEMKARI', NULL),
(328, 'ANGGIT ASTU NGKARASATYAS', 'JEPARA', 'Kata Beregu Pemula - Kadet Putri', '04/04/2001', 'LEMKARI', NULL),
(329, 'DYAH AYU MURDANINGSIH', 'JEPARA', 'Kumite -47 Kg Kadet Putri ', '30/11/1999', 'LEMKARI', 44),
(330, 'DYAH AYU MURDANINGSIH', 'JEPARA', 'Kata Beregu Pemula - Kadet Putri', '30/11/1999', 'LEMKARI', 44),
(331, 'TRISTIA WAHYU NOVIANA', 'JEPARA', 'Kata Beregu Pemula - Kadet Putri', '11/11/2000', 'LEMKARI', NULL),
(332, 'ARDIAN RIZA PAHLEVI', 'JEPARA', 'Kumite -61 Kg Junior Putra ', '30/10/1998', 'LEMKARI', 56),
(333, 'RAMA  CAHYANOFAR MAHENDRA', 'JEPARA', 'Kumite -61 Kg Junior Putra ', '05/11/1999', 'LEMKARI', 61),
(334, 'MUHAMMAD KHOIRUL ANAM', 'JEPARA', 'Kumite -61 Kg Junior Putra ', '03/12/1997', 'LEMKARI', 58),
(335, 'USHBA', 'JEPARA', 'Kumite -68 Kg Junior Putra ', '08/05/1998', 'LEMKARI', 64),
(336, 'RAFI AJI MAS''AT', 'JEPARA', 'Kumite -68 Kg Junior Putra ', '03/08/1998', 'LEMKARI', 64),
(337, 'DIMAS TRI PRASETYA', 'JEPARA', 'Kumite -76 Kg Junior Putra ', '22/08/1998', 'LEMKARI', 74),
(338, 'NOVA ARIYANI PUTRI', 'JEPARA', 'Kata Beregu Junior - Senior Putri', '08/11/1998', 'LEMKARI', 45),
(339, 'NOVA ARIYANI PUTRI', 'JEPARA', 'Kumite -48 Kg Junior Putri ', '08/11/1998', 'LEMKARI', 45),
(340, 'HANNY AMALLIYANA', 'JEPARA', 'Kata Beregu Junior - Senior Putri', '16/12/1998', 'LEMKARI', NULL),
(341, 'ITA SETIYAWATI', 'JEPARA', 'Kumite -53 Kg Junior Putri ', '01/01/1999', 'LEMKARI', 47),
(342, 'ITA SETIYAWATI', 'JEPARA', 'Kata Beregu Junior - Senior Putri', '01/01/1999', 'LEMKARI', 47),
(343, 'QURRATA A''YUN', 'JEPARA', 'Kumite -55 Kg Senior Putri ', '17/10/1997', 'LEMKARI', 45),
(344, 'AHMAD ANDARU TETUKA', 'JEPARA', 'Kumite -60 Kg Senior Putra ', '07/02/1997', 'LEMKARI', 54),
(345, 'AGUS SETIAWAN', 'JEPARA', 'Kumite Perorangan Veteran I Putra', '21/09/1978', 'LEMKARI', NULL),
(346, 'SUNARTO', 'JEPARA', 'Kumite Perorangan Veteran I Putra', NULL, 'LEMKARI', NULL),
(347, 'ARIF MUJIYONO', 'JEPARA', 'Kata Perorangan Veteran II Putra', '18/12/1964', 'LEMKARI', NULL),
(348, 'ATIN SUKO SALIM', 'JEPARA', 'Kata Perorangan Veteran II Putra', '14/05/1962', 'LEMKARI', NULL),
(349, 'AHMAD BENY SETIAWAN ', 'JEPARA', 'Kumite -40 Kg Pemula Putra ', '16/09/2002', 'LEMKARI', 39),
(350, 'BAGAS ALIF ARDIANSAH', 'PPMI AS SALAM  SURAKARTA', 'Kumite -40 Kg Pemula Putra Khusus', '24/05/2003', 'LEMKARI', 30),
(351, 'SATRIA ARJU RIDLO ROBBY', 'PPMI AS SALAM  SURAKARTA', 'Kumite +50 Kg Pemula Putra Khusus', '11--9-2002', 'LEMKARI', 52),
(352, 'MUHAMMAD YARDAN BAYHAQI', 'PPMI AS SALAM  SURAKARTA', 'Kumite +50 Kg Pemula Putra Khusus', '23/06/2003', 'LEMKARI', 79),
(353, 'MUHAMMAD RAFLI ALI', 'PPMI AS SALAM  SURAKARTA', 'Kumite -50 Kg Pemula Putra Khusus', '17/12/2002', 'LEMKARI', 50),
(354, 'FIRMANDITO SATYA ARDUTA', 'PPMI AS SALAM  SURAKARTA', 'Kumite -45 Kg Pemula Putra Khusus', '20/08/2003', 'LEMKARI', 42),
(355, 'MAULANA FADZLUR RAHMAN', 'PPMI AS SALAM  SURAKARTA', 'Kumite -45 Kg Pemula Putra Khusus', '17/07/2002', 'LEMKARI', 43),
(356, 'MUHAMMAD ARI FAHRIZAL', 'PPMI AS SALAM  SURAKARTA', 'Kumite -40 Kg Pemula Putra Khusus', '28/07/2002', 'LEMKARI', 32),
(357, 'MUHAMMAD FERDIAN SAPUTRO', 'PPMI AS SALAM  SURAKARTA', 'Kumite -50 Kg Pemula Putra Khusus', '21/05/2003', 'LEMKARI', 48),
(358, 'ANDHIKA KHAIRUL MUTTAQIEN', 'PPMI AS SALAM  SURAKARTA', 'Kumite -50 Kg Pemula Putra Khusus', '19/04/2002', 'LEMKARI', 50),
(359, 'MUHAMMAD FIKRI HIDAYAT', 'PPMI AS SALAM  SURAKARTA', 'Kumite -52 Kg Kadet Putra Khusus', '08/11/2001', 'LEMKARI', 47),
(360, 'AINUL FAQIH HAERUDDIN', 'PPMI AS SALAM  SURAKARTA', 'Kumite +63 Kg Kadet Putra Khusus', '19/04/2000', 'LEMKARI', 72),
(361, 'MARYAN FAISAL ARIB', 'SMKN 1 SAWIT', 'Kumite -60 Kg Senior Putra ', '12/07/1996', 'LEMKARI', 60),
(362, 'MOCH. WACHID RIFALDI', 'SMKN 1 SAWIT', 'Kumite -60 Kg Senior Putra ', '04/01/1996', 'LEMKARI', 60),
(363, 'HANGGAR PRASETYO', 'SMKN 1 SAWIT', 'Kumite -67 Kg Senior Putra ', '07/03/1995', 'LEMKARI', 62),
(364, 'SARASWATI SUKMA YULIZA', 'SMKN 1 SAWIT', 'Kumite -48 Kg Junior Putri ', '06/07/1998', 'LEMKARI', 45),
(365, 'PURWANTA', 'SMKN 1 SAWIT', 'Kumite -67 Kg Senior Putra ', '28/03/1982', 'LEMKARI', 65),
(366, 'PURWANTA', 'SMKN 1 SAWIT', 'Kata Perorangan Senior Putra ', '28/03/1982', 'LEMKARI', 65),
(367, 'PURWANTA', 'SMKN 1 SAWIT', 'Kata Beregu Junior - Senior Putra', '28/03/1982', 'LEMKARI', 65),
(368, 'MAFTUH AHNAN MAJIID', 'SMKN 1 SAWIT', 'Kata Beregu Junior - Senior Putra', '08/11/1998', 'LEMKARI', 57),
(369, 'MAFTUH AHNAN MAJIID', 'SMKN 1 SAWIT', 'Kumite -61 Kg Junior Putra ', '08/11/1998', 'LEMKARI', 57),
(370, 'ABDAN HAIDAR BAHAR', 'SMKN 1 SAWIT', 'Kumite -55 Kg Junior Putra ', '05/11/1998', 'LEMKARI', 53),
(371, 'ABDAN HAIDAR BAHAR', 'SMKN 1 SAWIT', 'Kata Beregu Junior - Senior Putra', '05/11/1998', 'LEMKARI', 53),
(372, 'GIANA NAINI', 'SMKN 1 SAWIT', 'Kata Beregu Junior - Senior Putra', '16/04/1998', 'LEMKARI', NULL),
(373, 'INDARYATI', 'SMKN 1 SAWIT', 'Kata Beregu Junior - Senior Putra', '23/02/1998', 'LEMKARI', NULL),
(374, 'EMA KIRANA ROSITA', 'SMKN 1 SAWIT', 'Kata Beregu Junior - Senior Putra', '03/10/1998', 'LEMKARI', NULL),
(375, 'FARIS IRFAN NAUFAL', 'PURWOKERTO-BANYUMAS', 'Kumite -35 Kg Pra Pemula Putra Khusus', '15/12/2004', 'LEMKARI', 27),
(376, 'DIMAS IRSYAD YULIASTAMAN', 'PURWOKERTO-BANYUMAS', 'Kumite -40 Kg Pemula Putra Khusus', '14/07/2003', 'LEMKARI', 39),
(377, 'CAESAR ERLANGGA YUSTISIA', 'PURWOKERTO-BANYUMAS', 'Kumite -35 Kg Pra Pemula Putra Khusus', '04/05/2004', 'LEMKARI', 35),
(378, 'TEGAR YUDHA ASMARANDHI', 'PURWOKERTO-BANYUMAS', 'Kumite +35 Kg Pra Pemula Putra Khusus', '25/11/2003', 'LEMKARI', 63),
(379, 'EMBUN KAHURIPAN', 'PURWOKERTO-BANYUMAS', 'Kata Perorangan Pra Pemula Putra Khusus', '22/03/2005', 'LEMKARI', 49),
(380, 'EMBUN KAHURIPAN', 'PURWOKERTO-BANYUMAS', 'Kumite +35 Kg Pra Pemula Putra Khusus', '22/03/2005', 'LEMKARI', 49),
(381, 'DHEA NUR SAFITRI', 'PURWOKERTO-BANYUMAS', 'Kata Beregu Usia Dini - Pra Pemula Putri', '05/12/2003', 'LEMKARI', NULL),
(382, 'MAYA KARISSA PUSPA ARUM', 'PURWOKERTO-BANYUMAS', 'Kata Perorangan Pra Pemula Putri Khusus', '04/05/2005', 'LEMKARI', NULL),
(383, 'MAYA KARISSA PUSPA ARUM', 'PURWOKERTO-BANYUMAS', 'Kata Beregu Usia Dini - Pra Pemula Putri', '04/05/2005', 'LEMKARI', NULL),
(384, 'NILNA AULYA CAESA RANY', 'PURWOKERTO-BANYUMAS', 'Kata Perorangan Pra Pemula Putri Khusus', '18/09/2004', 'LEMKARI', 33),
(385, 'NILNA AULYA CAESA RANY', 'PURWOKERTO-BANYUMAS', 'Kata Beregu Usia Dini - Pra Pemula Putri', '18/09/2004', 'LEMKARI', 33),
(386, 'NILNA AULYA CAESA RANY', 'PURWOKERTO-BANYUMAS', 'Kumite +30 Kg Pra Pemula Putri Khusus', '18/09/2004', 'LEMKARI', 33),
(387, 'HANI WAHYUNINGSIH', 'PURWOKERTO-BANYUMAS', 'Kata Beregu Usia Dini - Pra Pemula Putri', '06/12/2003', 'LEMKARI', 40),
(388, 'HANI WAHYUNINGSIH', 'PURWOKERTO-BANYUMAS', 'Kumite +30 Kg Pra Pemula Putri Khusus', '06/12/2003', 'LEMKARI', 40),
(389, 'RAHMADHANI FADILLAH PERMANASASI', 'PURWOKERTO-BANYUMAS', 'Kata Beregu Usia Dini - Pra Pemula Putri', '01/11/2003', 'LEMKARI', 38),
(390, 'RAHMADHANI FADILLAH PERMANASASI', 'PURWOKERTO-BANYUMAS', 'Kumite +30 Kg Pra Pemula Putri Khusus', '01/11/2003', 'LEMKARI', 38),
(391, 'ANGGITA ANINDYAJATI', 'PURWOKERTO-BANYUMAS', 'Kata Beregu Usia Dini - Pra Pemula Putri', '13/08/2005', 'LEMKARI', NULL),
(392, 'ANGGITA ANINDYAJATI', 'PURWOKERTO-BANYUMAS', 'Kata Perorangan Pra Pemula Putri ', '13/08/2005', 'LEMKARI', NULL),
(393, 'IRA JUNISTIN PUTRI LUBIS', 'PURWOKERTO-BANYUMAS', 'Kata Perorangan Pra Pemula Putri Khusus', '21/06/2004', 'LEMKARI', NULL),
(394, 'ANANDA FITRIA RAMADHANTI', 'PURWOKERTO-BANYUMAS', 'Kumite +40 Kg Pemula Putri Khusus', '18/12/2001', 'LEMKARI', 53),
(395, 'WAHDA NUR GHAFIS', 'PURWOKERTO-BANYUMAS', 'Kumite -30 Kg Usia Dini Putra ', '01/05/2007', 'LEMKARI', 23),
(396, 'GALIH AHMAD ARIF', 'PURWOKERTO-BANYUMAS', 'Kumite -35 Kg Pra Pemula Putra ', '03/10/2005', 'LEMKARI', 28),
(397, 'SYAFRIL NUR ROFIK', 'PURWOKERTO-BANYUMAS', 'Kumite -35 Kg Pra Pemula Putra Khusus', '20/11/2003', 'LEMKARI', 27),
(398, 'FEBRIAN PRADANA', 'PURWOKERTO-BANYUMAS', 'Kumite -35 Kg Pra Pemula Putra Khusus', '07/02/2004', 'LEMKARI', 31),
(399, 'BARA CHOIRUDINNATA SURYA', 'PURWOKERTO-BANYUMAS', 'Kumite -35 Kg Pra Pemula Putra Khusus', '06/10/2005', 'LEMKARI', 33),
(400, 'BARA CHOIRUDINNATA SURYA', 'PURWOKERTO-BANYUMAS', 'Kata Beregu Usia Dini - Pra Pemula Putra', '06/10/2005', 'LEMKARI', 33),
(401, 'ANDIKA SATRIO PRATAMA', 'PURWOKERTO-BANYUMAS', 'Kumite -35 Kg Pra Pemula Putra Khusus', '29/02/2004', 'LEMKARI', 33),
(402, 'ANDIKA SATRIO PRATAMA', 'PURWOKERTO-BANYUMAS', 'Kata Beregu Usia Dini - Pra Pemula Putra', '29/02/2004', 'LEMKARI', 33),
(403, 'FAHARSYAH NATHADEWANA SURYA', 'PURWOKERTO-BANYUMAS', 'Kumite -35 Kg Pra Pemula Putra Khusus', '28/01/2004', 'LEMKARI', 32),
(404, 'MUHAMMAD FAJAR MIFTAKHUDDIN', 'PURWOKERTO-BANYUMAS', 'Kumite +35 Kg Pra Pemula Putra ', '13/06/2004', 'LEMKARI', 45),
(405, 'MUHAMMAD BAGUS TRI FAKIHUDIN', 'PURWOKERTO-BANYUMAS', 'Kata Perorangan Pra Pemula Putra ', '13/04/2004', 'LEMKARI', NULL),
(406, 'RAFI ABDUL GHONI', 'PURWOKERTO-BANYUMAS', 'Kumite +35 Kg Pra Pemula Putra ', '24/09/2004', 'LEMKARI', 45),
(407, 'AIMAN FAUZI NOVA', 'PURWOKERTO-BANYUMAS', 'Kumite -35 Kg Pra Pemula Putra ', '29/11/2003', 'LEMKARI', 27),
(408, 'AIMAN FAUZI NOVA', 'PURWOKERTO-BANYUMAS', 'Kata Beregu Usia Dini - Pra Pemula Putra', '29/11/2003', 'LEMKARI', 27),
(409, 'TANTAHARA YOVIE PUTRA', 'PURWOKERTO-BANYUMAS', 'Kumite -35 Kg Pra Pemula Putra ', '30/12/2004', 'LEMKARI', 31),
(410, 'FARHAN ADIB MA''RIFAT', 'PURWOKERTO-BANYUMAS', 'Kumite +35 Kg Pra Pemula Putra ', '10/05/2004', 'LEMKARI', 41),
(411, 'ANTONIO SASONGKO', 'PURWOKERTO-BANYUMAS', 'Kumite -50 Kg Pemula Putra ', '16/01/2002', 'LEMKARI', 46),
(412, 'ANTONIO SASONGKO', 'PURWOKERTO-BANYUMAS', 'Kata Beregu Pemula - Kadet Putra', '16/01/2002', 'LEMKARI', 46),
(413, 'ANDHIKA NASYWA WIDYADHANA', 'PURWOKERTO-BANYUMAS', 'Kumite -40 Kg Pemula Putra ', '25/10/2003', 'LEMKARI', 36),
(414, 'ANDHIKA NASYWA WIDYADHANA', 'PURWOKERTO-BANYUMAS', 'Kata Perorangan Pemula Putra ', '25/10/2003', 'LEMKARI', 36),
(415, 'DIMAS SATRIO WIBOWO', 'PURWOKERTO-BANYUMAS', 'Kumite -40 Kg Pemula Putra ', '15/08/2002', 'LEMKARI', 38),
(416, 'DIMAS SATRIO WIBOWO', 'PURWOKERTO-BANYUMAS', 'Kata Perorangan Pemula Putra ', '15/08/2002', 'LEMKARI', 38),
(417, 'DIMAS SATRIO WIBOWO', 'PURWOKERTO-BANYUMAS', 'Kata Beregu Pemula - Kadet Putra', '15/08/2002', 'LEMKARI', 38),
(418, 'FAIS OKTAVIANSYAH', 'PURWOKERTO-BANYUMAS', 'Kata Perorangan Pemula Putra ', '11/10/2002', 'LEMKARI', NULL),
(419, 'FAIS OKTAVIANSYAH', 'PURWOKERTO-BANYUMAS', 'Kata Beregu Pemula - Kadet Putra', '11/10/2002', 'LEMKARI', NULL),
(420, 'KUSUMANINGTYAS ADELIA SAPUTRI', 'PURWOKERTO-BANYUMAS', 'Kumite +40 Kg Pemula Putri ', '05/02/2003', 'LEMKARI', 46),
(421, 'FITRI ANGGRAENI', 'PURWOKERTO-BANYUMAS', 'Kata Perorangan Pemula Putri ', '12/03/2003', 'LEMKARI', NULL),
(422, 'ALDHY BINTANG NUGROHO', 'PURWOKERTO-BANYUMAS', 'Kumite -57 Kg Kadet Putra ', '13/03/2001', 'LEMKARI', 56),
(423, 'ALDHY BINTANG NUGROHO', 'PURWOKERTO-BANYUMAS', 'Kata Beregu Pemula - Kadet Putra', '13/03/2001', 'LEMKARI', 56),
(424, 'ALDHY BINTANG NUGROHO', 'PURWOKERTO-BANYUMAS', 'Kata Perorangan Kadet Putra ', '13/03/2001', 'LEMKARI', 56),
(425, 'ALIF ARDIANSYAH SURYA WICAKSANA', 'PURWOKERTO-BANYUMAS', 'Kumite +63 Kg Kadet Putra ', '30/03/2001', 'LEMKARI', 78),
(426, 'ADHYAKSA WIRA BIMANTARA', 'PURWOKERTO-BANYUMAS', 'Kumite -63 Kg Kadet Putra ', '14/01/2001', 'LEMKARI', 62),
(427, 'ADHYAKSA WIRA BIMANTARA', 'PURWOKERTO-BANYUMAS', 'Kata Beregu Pemula - Kadet Putra', '14/01/2001', 'LEMKARI', 62),
(428, 'ABU IWON AMI EGI', 'PURWOKERTO-BANYUMAS', 'Kumite -61 Kg Junior Putra ', '10/06/1999', 'LEMKARI', 57),
(429, 'ABU IWON AMI EGI', 'PURWOKERTO-BANYUMAS', 'Kata Perorangan Junior Putra ', '10/06/1999', 'LEMKARI', 57),
(430, 'ABU IWON AMI EGI', 'PURWOKERTO-BANYUMAS', 'Kata Beregu Pemula - Kadet Putra', '10/06/1999', 'LEMKARI', 57),
(431, 'TATA DWI KURNIAWAN', 'PURWOKERTO-BANYUMAS', 'Kumite -55 Kg Junior Putra ', '24/10/1999', 'LEMKARI', 52),
(432, 'PONCO SUKIHARDONO MARIANUS MEILIANTO', 'PURWOKERTO-BANYUMAS', 'Kumite -55 Kg Junior Putra ', '10/05/1998', 'LEMKARI', 55),
(433, 'PONCO SUKIHARDONO MARIANUS MEILIANTO', 'PURWOKERTO-BANYUMAS', 'Kata Perorangan Junior Putra ', '10/05/1998', 'LEMKARI', 55),
(434, 'AKBAR BORNEO DAMMARA', 'PURWOKERTO-BANYUMAS', 'Kata Perorangan Junior Putra ', '21/10/1999', 'LEMKARI', 73),
(435, 'AKBAR BORNEO DAMMARA', 'PURWOKERTO-BANYUMAS', 'Kumite -76 Kg Junior Putra ', '21/10/1999', 'LEMKARI', 73),
(436, 'YOGA SUGITA', 'PURWOKERTO-BANYUMAS', 'Kumite Perorangan Veteran I Putra', '05/09/1980', 'LEMKARI', NULL),
(437, 'DAFFA AHZA HAMIZAN', 'LEMKARI BANJARNEGARA', 'Kata Perorangan Usia Dini Putra ', '26/09/2006', 'LEMKARI', 28),
(438, 'DAFFA AHZA HAMIZAN', 'LEMKARI BANJARNEGARA', 'Kata Beregu Usia Dini - Pra Pemula Putra', '26/09/2006', 'LEMKARI', 28),
(439, 'DAFFA AHZA HAMIZAN', 'LEMKARI BANJARNEGARA', 'Kumite -30 Kg Usia Dini Putra ', '26/09/2006', 'LEMKARI', 28),
(440, 'VALENTINO ZAKY Y', 'LEMKARI BANJARNEGARA', 'Kata Perorangan Usia Dini Putra ', '13/02/2007', 'LEMKARI', 25),
(441, 'VALENTINO ZAKY Y', 'LEMKARI BANJARNEGARA', 'Kata Beregu Usia Dini - Pra Pemula Putra', '13/02/2007', 'LEMKARI', 25),
(442, 'VALENTINO ZAKY Y', 'LEMKARI BANJARNEGARA', 'Kumite -30 Kg Usia Dini Putra ', '13/02/2007', 'LEMKARI', 25),
(443, 'LAILA RAMADHANI', 'LEMKARI BANJARNEGARA', 'Kata Perorangan Usia Dini Putri ', '26/09/2007', 'LEMKARI', 28),
(444, 'LAILA RAMADHANI', 'LEMKARI BANJARNEGARA', 'Kumite +25 Kg Usia Dini Putri ', '26/09/2007', 'LEMKARI', 28),
(445, 'DAFA YOGA', 'LEMKARI BANJARNEGARA', 'Kata Perorangan Pra Pemula Putra ', '14/03/2004', 'LEMKARI', 35),
(446, 'DAFA YOGA', 'LEMKARI BANJARNEGARA', 'Kata Beregu Usia Dini - Pra Pemula Putra', '14/03/2004', 'LEMKARI', 35),
(447, 'DAFA YOGA', 'LEMKARI BANJARNEGARA', 'Kumite -35 Kg Pra Pemula Putra ', '14/03/2004', 'LEMKARI', 35),
(448, 'HANIFAN HILBRAM', 'LEMKARI BANJARNEGARA', 'Kata Perorangan Pra Pemula Putra ', '18/07/2004', 'LEMKARI', 45),
(449, 'HANIFAN HILBRAM', 'LEMKARI BANJARNEGARA', 'Kata Beregu Usia Dini - Pra Pemula Putra', '18/07/2004', 'LEMKARI', 45),
(450, 'HANIFAN HILBRAM', 'LEMKARI BANJARNEGARA', 'Kumite +35 Kg Pra Pemula Putra ', '18/07/2004', 'LEMKARI', 45),
(451, 'VALENTINO AGUNG S', 'LEMKARI BANJARNEGARA', 'Kata Beregu Usia Dini - Pra Pemula Putra', '14/10/2004', 'LEMKARI', 47),
(452, 'VALENTINO AGUNG S', 'LEMKARI BANJARNEGARA', 'Kata Perorangan Pra Pemula Putra ', '14/10/2004', 'LEMKARI', 47),
(453, 'VALENTINO AGUNG S', 'LEMKARI BANJARNEGARA', 'Kumite +35 Kg Pra Pemula Putra ', '14/10/2004', 'LEMKARI', 47),
(454, 'FAIRUS PANDU R', 'LEMKARI BANJARNEGARA', 'Kata Perorangan Pra Pemula Putra ', '04/03/2004', 'LEMKARI', 44),
(455, 'FAIRUS PANDU R', 'LEMKARI BANJARNEGARA', 'Kata Beregu Usia Dini - Pra Pemula Putra', '04/03/2004', 'LEMKARI', 44),
(456, 'FAIRUS PANDU R', 'LEMKARI BANJARNEGARA', 'Kumite +35 Kg Pra Pemula Putra ', '04/03/2004', 'LEMKARI', 44),
(457, 'MUHAMMAD AGENG P', 'LEMKARI BANJARNEGARA', 'Kata Perorangan Pra Pemula Putra ', '14/11/2003', 'LEMKARI', 42),
(458, 'MUHAMMAD AGENG P', 'LEMKARI BANJARNEGARA', 'Kumite +35 Kg Pra Pemula Putra ', '14/11/2003', 'LEMKARI', 42),
(459, 'PRADIPTA CANDRA K', 'LEMKARI BANJARNEGARA', 'Kata Perorangan Pra Pemula Putri ', '11/11/2003', 'LEMKARI', 38),
(460, 'PRADIPTA CANDRA K', 'LEMKARI BANJARNEGARA', 'Kumite +30 Kg Pra Pemula Putri ', '11/11/2003', 'LEMKARI', 38),
(461, 'FAJRIH ALFIANSYAH', 'LEMKARI BANJARNEGARA', 'Kata Perorangan Pemula Putra ', '05/05/2002', 'LEMKARI', 40);
INSERT INTO `drowing_old` (`ID`, `Nama`, `Kontingen`, `Kelas`, `Tanggal_Lahir`, `Perguruan`, `Berat_Badan`) VALUES
(462, 'FAJRIH ALFIANSYAH', 'LEMKARI BANJARNEGARA', 'Kumite -40 Kg Pemula Putra ', '05/05/2002', 'LEMKARI', 40),
(463, 'CHENDELLA K', 'LEMKARI BANJARNEGARA', 'Kata Perorangan Pemula Putri ', '17/01/2002', 'LEMKARI', NULL),
(464, 'CHENDELLA K', 'LEMKARI BANJARNEGARA', 'Kata Beregu Pemula - Kadet Putri', '17/01/2002', 'LEMKARI', NULL),
(465, 'ARBIN RANGGASETA', 'LEMKARI BANJARNEGARA', 'Kata Perorangan Pemula Putri ', '04/02/2001', 'LEMKARI', 49),
(466, 'ARBIN RANGGASETA', 'LEMKARI BANJARNEGARA', 'Kata Beregu Pemula - Kadet Putri', '04/02/2001', 'LEMKARI', 49),
(467, 'NUGROHO LUTHFAN K', 'LEMKARI BANJARNEGARA', 'Kata Perorangan Kadet Putra ', '11/04/2000', 'LEMKARI', 54),
(468, 'NUGROHO LUTHFAN K', 'LEMKARI BANJARNEGARA', 'Kata Beregu Pemula - Kadet Putra', '11/04/2000', 'LEMKARI', 54),
(469, 'NUGROHO LUTHFAN K', 'LEMKARI BANJARNEGARA', 'Kumite -57 Kg Kadet Putra ', '11/04/2000', 'LEMKARI', 54),
(470, 'HANIF NUGROHO K', 'LEMKARI BANJARNEGARA', 'Kata Perorangan Kadet Putra ', '24/04/2001', 'LEMKARI', 69),
(471, 'HANIF NUGROHO K', 'LEMKARI BANJARNEGARA', 'Kata Beregu Pemula - Kadet Putra', '24/04/2001', 'LEMKARI', 69),
(472, 'TRIANGKOSO', 'LEMKARI BANJARNEGARA', 'Kumite -52 Kg Kadet Putra ', '21/07/2000', 'LEMKARI', 48),
(473, 'GATOT PRIAMBODO', 'LEMKARI BANJARNEGARA', 'Kumite -52 Kg Kadet Putra ', '19/07/2000', 'LEMKARI', 48),
(474, 'LADY LADUNI SAYEKTI', 'LEMKARI BANJARNEGARA', 'Kata Beregu Pemula - Kadet Putri', '14/11/1998', 'LEMKARI', 50),
(475, 'LADY LADUNI SAYEKTI', 'LEMKARI BANJARNEGARA', 'Kumite -59 Kg Junior Putri ', '14/11/1998', 'LEMKARI', 50),
(476, 'PANDU AZIZ RIADI', 'LEMKARI BANJARNEGARA', 'Kata Perorangan Junior Putra ', '19/01/1999', 'LEMKARI', 64),
(477, 'PANDU AZIZ RIADI', 'LEMKARI BANJARNEGARA', 'Kata Beregu Pemula - Kadet Putra', '19/01/1999', 'LEMKARI', 64),
(478, 'PANDU AZIZ RIADI', 'LEMKARI BANJARNEGARA', 'Kumite -53 Kg Junior Putri ', '19/01/1999', 'LEMKARI', 64),
(479, 'HAIKAL HASANA', 'LEMKARI BANJARNEGARA', 'Kumite -61 Kg Junior Putra ', '09/02/1998', 'LEMKARI', 58),
(480, 'DEEBA DAHAYU P', 'SKC', 'Kata Perorangan Usia Dini Putri Khusus', '04/07/2006', 'LEMKARI', 29),
(481, 'DEEBA DAHAYU P', 'SKC', 'Kumite +25 Kg Usia Dini Putri Khusus', '04/07/2006', 'LEMKARI', 29),
(482, 'SHAYLA SYAHRANI', 'SKC', 'Kata Perorangan Usia Dini Putri Khusus', '01/07/2008', 'LEMKARI', 21),
(483, 'SHAYLA SYAHRANI', 'SKC', 'Kata Beregu Usia Dini - Pra Pemula Putri', '01/07/2008', 'LEMKARI', 21),
(484, 'ADINDA SALSABILA', 'SKC', 'Kumite +25 Kg Usia Dini Putri Khusus', '11/12/2005', 'LEMKARI', 44),
(485, 'YUSUF TIRTA SYAHPUTRA', 'SKC', 'Kumite -30 Kg Usia Dini Putra Khusus', '19/12/2005', 'LEMKARI', 23),
(486, 'MAHENDRA EXCELSA Z P', 'SKC', 'Kata Perorangan Pra Pemula Putra Khusus', '31/03/2009', 'LEMKARI', 25),
(487, 'MAHENDRA EXCELSA Z P', 'SKC', 'Kumite -30 Kg Usia Dini Putra Khusus', '31/03/2009', 'LEMKARI', 25),
(488, 'HANA MAYORI', 'SKC', 'Kumite -30 Kg Pra Pemula Putri Khusus', '14/11/2005', 'LEMKARI', 25),
(489, 'HANA MAYORI', 'SKC', 'Kata Beregu Usia Dini - Pra Pemula Putri', '14/11/2005', 'LEMKARI', 25),
(490, 'SALSABILA BERLYAN A', 'SKC', 'Kata Perorangan Pra Pemula Putri Khusus', '26/08/2004', 'LEMKARI', 35),
(491, 'SALSABILA BERLYAN A', 'SKC', 'Kata Beregu Usia Dini - Pra Pemula Putri', '26/08/2004', 'LEMKARI', 35),
(492, 'SALSABILA BERLYAN A', 'SKC', 'Kumite +30 Kg Pra Pemula Putri Khusus', '26/08/2004', 'LEMKARI', 35),
(493, 'BIMA REIKI H', 'SKC', 'Kata Beregu Usia Dini - Pra Pemula Putra', '18/08/2003', 'LEMKARI', 26),
(494, 'BIMA REIKI H', 'SKC', 'Kumite -35 Kg Pra Pemula Putra ', '18/08/2003', 'LEMKARI', 26),
(495, 'MUHAMMAD ALFIAN', 'SKC', 'Kumite -35 Kg Pra Pemula Putra Khusus', '07/12/2003', 'LEMKARI', 27),
(496, 'NADA RANIA S', 'SKC', 'Kata Perorangan Pra Pemula Putri ', '27/12/2004', 'LEMKARI', 33),
(497, 'NADA RANIA S', 'SKC', 'Kumite +30 Kg Pra Pemula Putri ', '27/12/2004', 'LEMKARI', 33),
(498, 'NAMIRA AULIA S', 'SKC', 'Kata Perorangan Pemula Putri ', '23/10/2002', 'LEMKARI', 38),
(499, 'MUHAMMAD MAJID A', 'SKC', 'Kumite -40 Kg Pemula Putra ', '27/09/2002', 'LEMKARI', 33),
(500, 'FAIZ ISTINDA R.N', 'SKC', 'Kata Perorangan Pemula Putra ', '17/06/2003', 'LEMKARI', 34),
(501, 'FAIZ ISTINDA R.N', 'SKC', 'Kumite -40 Kg Pemula Putra ', '17/06/2003', 'LEMKARI', 34),
(502, 'MUHAMMAD RAIHANSYAH', 'SKC', 'Kata Perorangan Kadet Putra ', '27/02/2001', 'LEMKARI', 49),
(503, 'ILYAS SABILLAH', 'SKC', 'Kumite +63 Kg Kadet Putra ', '14/03/2001', 'LEMKARI', 75),
(504, 'IMAM SINATRYA', 'SKC', 'Kumite -55 Kg Junior Putra ', '09/03/1999', 'LEMKARI', 48),
(505, 'DEDIK SYAFI''I', 'SKC', 'Kumite -75 Kg Senior Putra ', '23/07/1996', 'LEMKARI', 69),
(506, 'MUHAMMAD YUDISTIRA', 'SKC', 'Kumite -67 Kg Senior Putra ', '21/03/1994', 'LEMKARI', 63),
(507, 'RAHADIAN ADITIA', 'SKC', 'Kumite +75 Kg Senior Putra ', '11/06/1996', 'LEMKARI', 115),
(508, 'MUHAMMAD RAFY A', 'SKC', 'Kata Perorangan Usia Dini Putra ', '27/06/2006', 'LEMKARI', 20),
(509, 'MUHAMMAD RAFY A', 'SKC', 'Kata Beregu Usia Dini - Pra Pemula Putra', '27/06/2006', 'LEMKARI', 20),
(510, 'MUHAMMAD RAFY A', 'SKC', 'Kumite -30 Kg Usia Dini Putra ', '27/06/2006', 'LEMKARI', 20),
(511, 'MUHAMMAD RIFQY R A', 'SKC', 'Kata Perorangan Pra Pemula Putra ', '24/10/2004', 'LEMKARI', 42),
(512, 'MUHAMMAD RIFQY R A', 'SKC', 'Kata Beregu Usia Dini - Pra Pemula Putra', '24/10/2004', 'LEMKARI', 42),
(513, 'MUHAMMAD RIFQY R A', 'SKC', 'Kumite +35 Kg Pra Pemula Putra ', '24/10/2004', 'LEMKARI', 42),
(514, 'MARTIYA HANDAYANI PUTRI', 'SKC', 'Kumite -55 Kg Senior Putri ', '14/03/1996', 'LEMKARI', 41),
(515, 'WIDYA RAHAYUNINGTYAS', 'SKC', 'Kumite -55 Kg Senior Putri ', '30/01/1997', 'LEMKARI', 50),
(516, 'WIDYA RAHAYUNINGTYAS', 'SKC', 'Kata Perorangan Senior Putri ', '30/01/1997', 'LEMKARI', 50),
(517, 'MUHAMMAD IMAM M K', 'SKC', 'Kumite -60 Kg Senior Putra ', '27/11/1995', 'LEMKARI', 49),
(518, 'MA''RUF WALUYO', 'SKC', 'Kumite -67 Kg Senior Putra ', '28/08/1993', 'LEMKARI', 67),
(519, 'BINAR NUGROHO', 'SKC', 'Kumite +75 Kg Senior Putra ', '16/03/1996', 'LEMKARI', 98),
(520, 'AGUS MUZAMIL', 'SKC', 'Kumite Perorangan Veteran I Putra', NULL, 'LEMKARI', NULL),
(521, 'YERI ALRAMA', 'SKC', 'Kumite -52 Kg Kadet Putra Khusus', NULL, 'LEMKARI', NULL),
(522, 'SRI ENDANG SUSILOWAI', 'SKC', 'Kata Perorangan Senior Putri ', NULL, 'LEMKARI', NULL),
(523, 'NIYA ISNAINI', 'SKC', 'Kumite -47 Kg Kadet Putri Khusus', NULL, 'LEMKARI', NULL),
(524, 'ALVI SEPTIANI P.R', 'SKC', 'Kumite -47 Kg Kadet Putri Khusus', NULL, 'LEMKARI', NULL),
(525, 'RAFI HANIFAN P', 'SKC', 'Kumite +30 Kg Usia Dini Putra Khusus', NULL, 'LEMKARI', NULL),
(526, 'NAJMA PURWINDA TABRIZA', 'SKC', 'Kumite +30 Kg Pra Pemula Putri Khusus', NULL, 'LEMKARI', NULL),
(527, 'RADAR PUTRA PRATAMA', 'SKC', 'Kumite -30 Kg Usia Dini Putra Khusus', NULL, 'LEMKARI', NULL),
(528, 'MALA FANSIAH', 'SKC', 'Kumite -30 Kg Pra Pemula Putri Khusus', NULL, 'LEMKARI', NULL),
(529, 'M.ISNAINI', 'SKC', 'Kumite +30 Kg Pra Pemula Putri Khusus', NULL, 'LEMKARI', NULL),
(530, 'ANGGA DWI M', 'SKC', 'Kumite -55 Kg Junior Putra ', NULL, 'LEMKARI', NULL),
(531, 'RATRI ANGGORO', 'SKC', 'Kumite -55 Kg Junior Putra ', NULL, 'LEMKARI', NULL),
(532, 'RIKY NUR ADITYA', 'SKC', 'Kumite -52 Kg Kadet Putra ', NULL, 'LEMKARI', NULL),
(533, 'APRI WARDANA', 'SKC', 'Kumite -60 Kg Senior Putra ', NULL, 'LEMKARI', NULL),
(534, 'MAURA', 'SKC', 'Kumite +40 Kg Pemula Putri Khusus', NULL, 'LEMKARI', NULL),
(535, 'NABILA ALFITA', 'SKC', 'Kumite +50 Kg Pemula Putra Khusus', NULL, 'LEMKARI', NULL),
(536, 'ALVIANO DIAN KEDATON', 'CEPU', 'Kata Perorangan Usia Dini Putra ', '19/11/2005', 'LEMKARI', NULL),
(537, 'ALVIANO DIAN KEDATON', 'CEPU', 'Kumite -30 Kg Usia Dini Putra ', '19/11/2005', 'LEMKARI', NULL),
(538, 'BRYAN RISKI ANANDA HAKIM', 'CEPU', 'Kumite -35 Kg Pra Pemula Putra ', '13/04/2005', 'LEMKARI', NULL),
(539, 'BRYAN RISKI ANANDA HAKIM', 'CEPU', 'Kata Perorangan Pra Pemula Putra ', NULL, 'LEMKARI', NULL),
(540, 'BRYAN RISKI ANANDA HAKIM', 'CEPU', 'Kata Beregu Pemula - Kadet Putra', '13/04/2005', 'LEMKARI', NULL),
(541, 'DESINTA AYU NAFTALENA', 'CEPU', 'Kumite +30 Kg Pra Pemula Putri ', '08/03/2004', 'LEMKARI', NULL),
(542, 'SATPUTRI EKA ASTRIA', 'CEPU', 'Kumite -40 Kg Pemula Putri ', '08/03/2002', 'LEMKARI', NULL),
(543, 'SATPUTRI EKA ASTRIA', 'CEPU', 'Kata Perorangan Pemula Putri ', '08/03/2002', 'LEMKARI', NULL),
(544, 'LINDA ROSALINDA', 'CEPU', 'Kata Perorangan Pemula Putri ', '16/03/2002', 'LEMKARI', NULL),
(545, 'LINDA ROSALINDA', 'CEPU', 'Kumite -40 Kg Pemula Putri ', '16/03/2002', 'LEMKARI', NULL),
(546, 'LINDA ROSALINDA', 'CEPU', 'Kata Beregu Pemula - Kadet Putra', '16/03/2002', 'LEMKARI', NULL),
(547, 'ISNAIN WARNO HARINTO', 'CEPU', 'Kumite -40 Kg Pemula Putra ', '19/05/2003', 'LEMKARI', NULL),
(548, 'ISNAIN WARNO HARINTO', 'CEPU', 'Kata Perorangan Pemula Putra ', '19/05/2003', 'LEMKARI', NULL),
(549, 'OKTARYANALDI NAVYZHEA PUTRA', 'CEPU', 'Kumite -45 Kg Pemula Putra ', '19/10/2002', 'LEMKARI', NULL),
(550, 'MUHAMMAD NUR KHANAFI', 'CEPU', 'Kata Perorangan Pemula Putra ', '18/12/2001', 'LEMKARI', NULL),
(551, 'MUHAMMAD NUR KHANAFI', 'CEPU', 'Kata Beregu Pemula - Kadet Putra', '18/12/2001', 'LEMKARI', NULL),
(552, 'MUHAMMAD NUR KHANAFI', 'CEPU', 'Kumite -45 Kg Pemula Putra ', '18/12/2001', 'LEMKARI', NULL),
(553, 'BELVA AKMAL ARYA TECTONA', 'CEPU', 'Kata Perorangan Pemula Putra ', '04/06/2003', 'LEMKARI', NULL),
(554, 'BELVA AKMAL ARYA TECTONA', 'CEPU', 'Kumite -50 Kg Pemula Putra ', '04/06/2003', 'LEMKARI', NULL),
(555, 'BAGUS MEY TRI SETIAWAN', 'CEPU', 'Kata Perorangan Kadet Putra ', '30/05/2001', 'LEMKARI', NULL),
(556, 'BAGUS MEY TRI SETIAWAN', 'CEPU', 'Kumite -52 Kg Kadet Putra ', '30/05/2001', 'LEMKARI', NULL),
(557, 'AZRULLAH QIGBAL', 'CEPU', 'Kata Perorangan Kadet Putra ', '13/01/2001', 'LEMKARI', NULL),
(558, 'AZRULLAH QIGBAL', 'CEPU', 'Kumite -52 Kg Kadet Putra ', '13/01/2001', 'LEMKARI', NULL),
(559, 'KARLIGO MAY LALANG TAMA', 'CEPU', 'Kumite -63 Kg Kadet Putra ', '10/05/2001', 'LEMKARI', NULL),
(560, 'WIDYA ONA VITA LESTARI', 'CEPU', 'Kumite +59 Kg Junior Putri ', '10/09/1999', 'LEMKARI', NULL),
(561, 'ERIYANTO YOGI SETYAWAN', 'CEPU', 'Kumite -55 Kg Junior Putra ', '29/06/1999', 'LEMKARI', NULL),
(562, 'NOVA ARDIYANSYAH', 'CEPU', 'Kumite -60 Kg Senior Putra ', '24/11/1995', 'LEMKARI', NULL),
(563, 'DEA ABIMANYU', 'CEPU', 'Kumite -67 Kg Senior Putra ', '15/10/1995', 'LEMKARI', NULL),
(564, 'ANGGEO PARAGAS SA''I', 'CEPU', 'Kumite -60 Kg Senior Putra ', '15/03/1996', 'LEMKARI', NULL),
(565, 'DEDEN RISKIANANDIKA', 'CEPU', 'Kumite -60 Kg Senior Putra ', '25/11/1994', 'LEMKARI', NULL),
(566, 'HILMY HAIDAR', 'CEPU', 'Kumite -67 Kg Senior Putra ', '26/02/1995', 'LEMKARI', NULL),
(567, 'ILHAM MUNAJID', 'CEPU', 'Kumite +75 Kg Senior Putra ', '25/03/1996', 'LEMKARI', NULL),
(568, 'MUHAMMAD KHALID PRAKOSO', 'CEPU', 'Kumite -75 Kg Senior Putra ', '19/04/1994', 'LEMKARI', NULL),
(569, 'TRI BAGU  PRABOWO', 'CEPU', 'Kumite +75 Kg Senior Putra ', '05/07/1995', 'LEMKARI', NULL),
(570, 'ANGGA DIRGANTARA', 'CEPU', 'Kumite -75 Kg Senior Putra ', '23/09/1995', 'LEMKARI', NULL),
(571, 'CATUR KRIDA SETIAWAN', 'CEPU', 'Kumite +75 Kg Senior Putra ', '11/03/1984', 'LEMKARI', NULL),
(572, 'WAHYU WIDODO', 'CEPU', NULL, '23/05/1968', 'LEMKARI', NULL),
(573, 'DIANDRA AURA AMELIA', 'CEPU', 'Kumite -25 Kg Usia Dini Putri Khusus', '23/01/2006', 'LEMKARI', NULL),
(574, 'MUHAMMAD EWALDO GIOVANI', 'CEPU', 'Kata Perorangan Usia Dini Putra Khusus', '19/11/2006', NULL, NULL),
(575, 'MUHAMMAD EWALDO GIOVANI', 'CEPU', 'Kumite +30 Kg Usia Dini Putra Khusus', '19/11/2006', 'LEMKARI', NULL),
(576, 'MUHAMMAD ALIEF ', 'CEPU', 'Kumite +30 Kg Usia Dini Putra Khusus', '29/01/2006', 'LEMKARI', NULL),
(577, 'SHOHIBUL MUNA PRASETYA', 'CEPU', 'Kata Perorangan Usia Dini Putra Khusus', '26/07/2006', NULL, NULL),
(578, 'SHOHIBUL MUNA PRASETYA', 'CEPU', 'Kumite -30 Kg Usia Dini Putra Khusus', '26/07/2006', 'LEMKARI', NULL),
(579, 'LAVENIA MARSANDA', 'CEPU', 'Kumite +35 Kg Pra Pemula Putra Khusus', '20/09/2004', 'LEMKARI', NULL),
(580, 'AULIA TANIA KHANSA', 'CEPU', 'Kumite +30 Kg Pra Pemula Putri Khusus', '02/10/2004', 'LEMKARI', NULL),
(581, 'RAFII'' HIBATURRAHMAN', 'CEPU', 'Kumite +30 Kg Pra Pemula Putri Khusus', '14/01/2004', 'LEMKARI', NULL),
(582, 'FASHA ISLAMY CHANIAGO', 'CEPU', 'Kumite -40 Kg Pemula Putra Khusus', '15/03/2003', 'LEMKARI', NULL),
(583, 'ALVIAN HAMZAH', 'CEPU', 'Kumite -45 Kg Pemula Putra Khusus', '21/05/2003', 'LEMKARI', NULL),
(584, 'KRISNA WIBOWO', 'CEPU', 'Kumite -45 Kg Pemula Putra Khusus', '20/01/2002', 'LEMKARI', NULL),
(585, 'OKSENKLIW WAHYU PANCA', 'CEPU', 'Kumite -50 Kg Pemula Putra Khusus', '01/11/2001', 'LEMKARI', NULL),
(586, 'VITO HIMAWULAN SAPUTRA', 'CEPU', 'Kumite +50 Kg Pemula Putra Khusus', '19/02/2003', 'LEMKARI', NULL),
(587, 'VIOLA RAHMA PRATIWI', 'MAGELANG', 'Kumite -25 Kg Usia Dini Putri Khusus', '17/02/2007', 'LEMKARI', NULL),
(588, 'SHINTA NUR ZAHRA', 'MAGELANG', 'Kata Perorangan Usia Dini Putri ', '14/03/2008', 'LEMKARI', NULL),
(589, 'HERNANDO RAJENDRA', 'MAGELANG', 'Kumite -30 Kg Usia Dini Putra Khusus', '04/03/2006', 'LEMKARI', NULL),
(590, 'REYDITA CHANTIKA', 'MAGELANG', 'Kumite +25 Kg Usia Dini Putri Khusus', '16/09/2006', 'LEMKARI', NULL),
(591, 'FAUSTI WIDAYANTI', 'MAGELANG', 'Kumite +25 Kg Usia Dini Putri Khusus', '11/06/2005', 'LEMKARI', NULL),
(592, 'RYOU ADYARAKA ANDIAN', 'MAGELANG', 'Kumite -30 Kg Usia Dini Putra Khusus', '07/06/2008', 'LEMKARI', NULL),
(593, 'ADINDA ULAYA', 'MAGELANG', 'Kumite -30 Kg Pra Pemula Putri Khusus', '01/10/2006', 'LEMKARI', NULL),
(594, 'RADJA KSATRIA ADEWA', 'MAGELANG', 'Kumite +30 Kg Usia Dini Putra Khusus', '04/08/2006', 'LEMKARI', NULL),
(595, 'BHARLEAN ARYA W', 'MAGELANG', 'Kumite -30 Kg Usia Dini Putra Khusus', '28/08/2007', 'LEMKARI', NULL),
(596, 'AZIZ DWI S', 'MAGELANG', 'Kumite -30 Kg Usia Dini Putra Khusus', '24/12/2006', 'LEMKARI', NULL),
(597, 'CIELO RAZZAM A', 'MAGELANG', 'Kumite +30 Kg Usia Dini Putra Khusus', '11/06/2005', 'LEMKARI', NULL),
(598, 'VALERIO OCTAVIANUS K T', 'MAGELANG', 'Kumite -30 Kg Usia Dini Putra Khusus', '01/10/2005', 'LEMKARI', NULL),
(599, 'RAJIEF BAYU NUR', 'MAGELANG', 'Kumite +30 Kg Usia Dini Putra Khusus', '07/09/2006', 'LEMKARI', NULL),
(600, 'CLARA CARMALA PUTRI', 'MAGELANG', 'Kumite +25 Kg Usia Dini Putri Khusus', '04/12/2006', 'LEMKARI', NULL),
(601, 'RADJA AR RAAFI BINTANG H', 'MAGELANG', 'Kumite -30 Kg Usia Dini Putra Khusus', '23/06/2008', 'LEMKARI', NULL),
(602, 'SHAKIRA KAYLA J', 'MAGELANG', 'Kata Perorangan Pra Usia Dini Putri ', '31/01/2008', 'LEMKARI', NULL),
(603, 'BRIGETTA AQELINA', 'MAGELANG', 'Kata Perorangan Pra Usia Dini Putri ', '02/01/2008', 'LEMKARI', NULL),
(604, 'SHINTA NUR ZAHRA', 'MAGELANG', 'Kata Perorangan Pra Usia Dini Putri ', '14/03/2008', 'LEMKARI', NULL),
(605, 'NADIA NAVEL AMANDA', 'MAGELANG', 'Kata Perorangan Pra Usia Dini Putri ', '17/06/2007', 'LEMKARI', NULL),
(606, 'RAFAEL SURYA PUTRA', 'MAGELANG', 'Kumite -30 Kg Usia Dini Putra Khusus', '04/02/2007', 'LEMKARI', NULL),
(607, 'ARJUNA SATRIA Y', 'MAGELANG', 'Kumite +35 Kg Pra Pemula Putra Khusus', '17/02/2003', 'LEMKARI', NULL),
(608, 'CUT ANNIZAR ARLYZA', 'MAGELANG', 'Kata Perorangan Usia Dini Putri ', '06/06/2006', 'LEMKARI', NULL),
(609, 'CUT ANNIZAR ARLYZA', 'MAGELANG', 'Kumite -25 Kg Usia Dini Putri Khusus', '06/06/2006', 'LEMKARI', NULL),
(610, 'BIMA WIJAYA S', 'MAGELANG', 'Kata Perorangan Pemula Putra ', '06/06/2001', 'LEMKARI', NULL),
(611, 'BIMA WIJAYA S', 'MAGELANG', 'Kumite -50 Kg Pemula Putra ', '06/06/2001', 'LEMKARI', NULL),
(612, 'DIAN KUSUMANINGRUM', 'MAGELANG', 'Kumite +40 Kg Pemula Putri ', '13/10/2001', 'LEMKARI', NULL),
(613, 'DINI KUSUMANINGRUM', 'MAGELANG', 'Kumite -40 Kg Pemula Putri ', '13/10/2001', 'LEMKARI', NULL),
(614, 'DINI KUSUMANINGRUM', 'MAGELANG', 'Kata Perorangan Pemula Putri ', '13/10/2001', 'LEMKARI', NULL),
(615, 'DINI KUSUMANINGRUM', 'MAGELANG', 'Kata Beregu Pemula - Kadet Putri', '13/10/2001', 'LEMKARI', NULL),
(616, 'KINDANA WIRA ADANI', 'MAGELANG', 'Kumite +35 Kg Pra Pemula Putra ', '01/01/2003', 'LEMKARI', NULL),
(617, 'KINDANA WIRA ADANI', 'MAGELANG', 'Kata Perorangan Pra Pemula Putra ', '01/01/2003', 'LEMKARI', NULL),
(618, 'KINDANA WIRA ADANI', 'MAGELANG', 'Kata Beregu Usia Dini - Pra Pemula Putra', '01/01/2003', 'LEMKARI', NULL),
(619, 'RESTIANA UQTIANISA S', 'MAGELANG', 'Kata Perorangan Usia Dini Putri ', '19/02/2005', 'LEMKARI', NULL),
(620, 'RESTIANA UQTIANISA S', 'MAGELANG', 'Kumite +25 Kg Usia Dini Putri ', '19/02/2005', 'LEMKARI', NULL),
(621, 'BIMA YOHANDY SYAHPUTRA', 'MAGELANG', 'Kata Perorangan Kadet Putra ', '18/01/2000', 'LEMKARI', NULL),
(622, 'BIMA YOHANDY SYAHPUTRA', 'MAGELANG', 'Kumite +63 Kg Kadet Putra ', '18/01/2000', 'LEMKARI', NULL),
(623, 'YASINO ALFAT', 'MAGELANG', 'Kata Perorangan Usia Dini Putra ', '24/09/2005', 'LEMKARI', NULL),
(624, 'YASINO ALFAT', 'MAGELANG', 'Kumite -30 Kg Usia Dini Putra ', '24/09/2005', 'LEMKARI', NULL),
(625, 'SYIFA NORMA W', 'MAGELANG', 'Kata Perorangan Pra Pemula Putri ', '13/04/2004', 'LEMKARI', NULL),
(626, 'SYIFA NORMA W', 'MAGELANG', 'Kumite -30 Kg Pra Pemula Putri ', '13/04/2004', 'LEMKARI', NULL),
(627, 'ELVITA ADELAIDE SATRIVIA', 'MAGELANG', 'Kumite -47 Kg Kadet Putri ', '08/05/2000', 'LEMKARI', NULL),
(628, 'ELVITA ADELAIDE SATRIVIA', 'MAGELANG', 'Kata Perorangan Kadet Putri ', '08/05/2000', 'LEMKARI', NULL),
(629, 'ELVITA ADELAIDE SATRIVIA', 'MAGELANG', 'Kata Beregu Pemula - Kadet Putri', '08/05/2000', 'LEMKARI', NULL),
(630, 'DYAN NOVAL P', 'MAGELANG', 'Kumite +35 Kg Pra Pemula Putra ', '21/01/2003', 'LEMKARI', NULL),
(631, 'DYAN NOVAL P', 'MAGELANG', 'Kata Perorangan Pra Pemula Putra ', '21/01/2003', 'LEMKARI', NULL),
(632, 'DYAN NOVAL P', 'MAGELANG', 'Kata Beregu Usia Dini - Pra Pemula Putra', '21/01/2003', 'LEMKARI', NULL),
(633, 'FAMELA INDYA GUSTA', 'MAGELANG', 'Kumite +54 Kg Kadet Putri ', '28/08/1999', 'LEMKARI', NULL),
(634, 'FAMELA INDYA GUSTA', 'MAGELANG', 'Kata Perorangan Kadet Putri ', '28/08/1999', 'LEMKARI', NULL),
(635, 'FAMELA INDYA GUSTA', 'MAGELANG', 'Kata Beregu Pemula - Kadet Putri', '28/08/1999', 'LEMKARI', NULL),
(636, 'TANAYA DIAN CHANDRA M', 'MAGELANG', 'Kumite +30 Kg Pra Pemula Putri ', '07/03/2004', 'LEMKARI', NULL),
(637, 'JISON RAISTA SEWA KOTTAMA', 'MAGELANG', 'Kumite +35 Kg Pra Pemula Putra ', '11/01/2004', 'LEMKARI', NULL),
(638, 'JISON RAISTA SEWA KOTTAMA', 'MAGELANG', 'Kata Perorangan Pra Pemula Putra ', '11/01/2004', 'LEMKARI', NULL),
(639, 'JISON RAISTA SEWA KOTTAMA', 'MAGELANG', 'Kata Beregu Usia Dini - Pra Pemula Putra', '11/01/2004', 'LEMKARI', NULL),
(640, 'IZRA SEPTIANA', 'MAGELANG', 'Kata Perorangan Pra Pemula Putri ', NULL, NULL, NULL),
(641, 'IZRA SEPTIANA', 'MAGELANG', 'Kumite +30 Kg Pra Pemula Putri ', NULL, NULL, NULL),
(642, 'Albert Septiawan', 'Lampung', 'Kumite +55 Kg Kadet Putra', '1995-09-24', 'Tapak S', 60),
(646, 'Jonni Pau', 'Klaten Super', 'Kumite -54 Kg Kadet Putri Khusus', '2932931', 'Guru Batu', 45);

-- --------------------------------------------------------

--
-- Table structure for table `kelas_all`
--

CREATE TABLE IF NOT EXISTS `kelas_all` (
  `id_kelas` int(5) NOT NULL,
  `isi` text NOT NULL
) ENGINE=InnoDB AUTO_INCREMENT=84 DEFAULT CHARSET=latin1;

--
-- Dumping data for table `kelas_all`
--

INSERT INTO `kelas_all` (`id_kelas`, `isi`) VALUES
(1, 'Kata Beregu Junior - Senior Putra'),
(2, 'Kata Beregu Junior - Senior Putri'),
(3, 'Kata Beregu Pemula - Kadet Putra'),
(4, 'Kata Beregu Pemula - Kadet Putri'),
(5, 'Kata Beregu Usia Dini - Pra Pemula Putra'),
(6, 'Kata Beregu Usia Dini - Pra Pemula Putri'),
(7, 'Kata Perorangan Junior Putra'),
(8, 'Kata Perorangan Junior Putri'),
(9, 'Kata Perorangan Kadet Putra'),
(10, 'Kata Perorangan Kadet Putri'),
(11, 'Kata Perorangan Pemula Putra'),
(12, 'Kata Perorangan Pemula Putra Khusus'),
(13, 'Kata Perorangan Pemula Putri'),
(14, 'Kata Perorangan Pemula Putri Khusus'),
(15, 'Kata Perorangan Pra Pemula Putra'),
(16, 'Kata Perorangan Pra Pemula Putra Khusus'),
(17, 'Kata Perorangan Pra Pemula Putri'),
(18, 'Kata Perorangan Pra Pemula Putri Khusus'),
(19, 'Kata Perorangan Pra Usia Dini Putri'),
(20, 'Kata Perorangan Senior Putra'),
(21, 'Kata Perorangan Senior Putri'),
(22, 'Kata Perorangan Usia Dini Putra'),
(23, 'Kata Perorangan Usia Dini Putra Khusus'),
(24, 'Kata Perorangan Usia Dini Putri'),
(25, 'Kata Perorangan Usia Dini Putri Khusus'),
(26, 'Kata Perorangan Veteran II Putra'),
(27, 'Kumite +25 Kg Usia Dini Putri'),
(28, 'Kumite +25 Kg Usia Dini Putri Khusus'),
(29, 'Kumite +30 Kg Pra Pemula Putri'),
(30, 'Kumite +30 Kg Pra Pemula Putri Khusus'),
(31, 'Kumite +30 Kg Usia Dini Putra'),
(32, 'Kumite +30 Kg Usia Dini Putra Khusus'),
(33, 'Kumite +35 Kg Pra Pemula Putra'),
(34, 'Kumite +35 Kg Pra Pemula Putra Khusus'),
(35, 'Kumite +40 Kg Pemula Putri'),
(36, 'Kumite +40 Kg Pemula Putri Khusus'),
(37, 'Kumite +50 Kg Pemula Putra'),
(38, 'Kumite +50 Kg Pemula Putra Khusus'),
(39, 'Kumite +54 Kg Kadet Putri'),
(40, 'Kumite +55 Kg Kadet Putra'),
(41, 'Kumite +59 Kg Junior Putri'),
(42, 'Kumite +63 Kg Kadet Putra'),
(43, 'Kumite +63 Kg Kadet Putra Khusus'),
(44, 'Kumite +75 Kg Senior Putra'),
(45, 'Kumite -25 Kg Usia Dini Putri'),
(46, 'Kumite -25 Kg Usia Dini Putri Khusus'),
(47, 'Kumite -30 Kg Pra Pemula Putri'),
(48, 'Kumite -30 Kg Pra Pemula Putri Khusus'),
(49, 'Kumite -30 Kg Usia Dini Putra'),
(50, 'Kumite -30 Kg Usia Dini Putra Khusus'),
(51, 'Kumite -35 Kg Pemula Putri'),
(52, 'Kumite -35 Kg Pemula Putri Khusus'),
(53, 'Kumite -35 Kg Pra Pemula Putra'),
(54, 'Kumite -35 Kg Pra Pemula Putra Khusus'),
(55, 'Kumite -40 Kg Pemula Putra'),
(56, 'Kumite -40 Kg Pemula Putra Khusus'),
(57, 'Kumite -40 Kg Pemula Putri'),
(58, 'Kumite -45 Kg Pemula Putra'),
(59, 'Kumite -45 Kg Pemula Putra Khusus'),
(60, 'Kumite -47 Kg Kadet Putri'),
(61, 'Kumite -47 Kg Kadet Putri Khusus'),
(62, 'Kumite -48 Kg Junior Putri'),
(63, 'Kumite -50 Kg Pemula Putra'),
(64, 'Kumite -50 Kg Pemula Putra Khusus'),
(65, 'Kumite -52 Kg Kadet Putra'),
(66, 'Kumite -52 Kg Kadet Putra Khusus'),
(67, 'Kumite -53 Kg Junior Putri'),
(68, 'Kumite -54 Kg Kadet Putri'),
(69, 'Kumite -54 Kg Kadet Putri Khusus'),
(70, 'Kumite -55 Kg Junior Putra'),
(71, 'Kumite -55 Kg Senior Putri'),
(72, 'Kumite -57 Kg Kadet Putra'),
(73, 'Kumite -57 Kg Kadet Putra Khusus'),
(74, 'Kumite -59 Kg Junior Putri'),
(75, 'Kumite -60 Kg Senior Putra'),
(76, 'Kumite -61 Kg Junior Putra'),
(77, 'Kumite -63 Kg Kadet Putra'),
(78, 'Kumite -67 Kg Senior Putra'),
(79, 'Kumite -68 Kg Junior Putra'),
(80, 'Kumite -75 Kg Senior Putra'),
(81, 'Kumite -76 Kg Junior Putra'),
(82, 'Kumite Perorangan Veteran I Putra'),
(83, 'Kumite Perorangan Veteran II Putra');

-- --------------------------------------------------------

--
-- Table structure for table `peserta`
--

CREATE TABLE IF NOT EXISTS `peserta` (
  `id_peserta` int(5) NOT NULL,
  `nama` varchar(50) NOT NULL,
  `kontingen` varchar(50) NOT NULL,
  `berat_badan` int(20) NOT NULL,
  `tgl_lahir` date NOT NULL,
  `waktu_input` datetime NOT NULL,
  `perguruan` varchar(50) NOT NULL,
  `jk` varchar(50) NOT NULL,
  `id_kelas` varchar(100) NOT NULL
) ENGINE=InnoDB AUTO_INCREMENT=643 DEFAULT CHARSET=latin1;

--
-- Dumping data for table `peserta`
--

INSERT INTO `peserta` (`id_peserta`, `nama`, `kontingen`, `berat_badan`, `tgl_lahir`, `waktu_input`, `perguruan`, `jk`, `id_kelas`) VALUES
(1, 'AZRI TIMOERTA SALSABILA', 'SRAGEN', 42, '1998-08-23', '2016-03-24 06:10:24', 'LEMKARI', 'Putra', '62'),
(2, 'VERRY ANDRI SAJIWO', 'SRAGEN', 46, '2000-06-14', '2016-03-24 06:10:24', 'LEMKARI', 'Putri', '65'),
(3, 'MUHAMMAD ILYAS', 'SRAGEN', 70, '1999-03-27', '2016-03-24 06:10:24', 'LEMKARI', 'Putra', '81'),
(4, 'HERNINGTYAS DEWI WIDORETNO', 'SRAGEN', 55, '2000-01-05', '2016-03-24 06:10:24', 'LEMKARI', 'Putra', '39'),
(5, 'EVA SUSANTI', 'SRAGEN', 50, '2000-07-22', '2016-03-24 06:10:24', 'LEMKARI', 'Putri', '69'),
(6, 'LAILATUL LUFIAH', 'SRAGEN', 54, '2000-08-20', '2016-03-24 06:10:24', 'LEMKARI', 'Putra', '69'),
(7, 'RINI SETIANINGSIH', 'SRAGEN', 44, '1997-10-30', '2016-03-24 06:10:24', 'LEMKARI', 'Putra', '71'),
(8, 'RESTU PRAMITA HESTI KOMAH', 'SRAGEN', 50, '1999-03-16', '2016-03-24 06:10:24', 'LEMKARI', 'Putra', '67'),
(9, 'TAUFIK ARIFAN EFENDI', 'SRAGEN', 51, '2000-07-25', '2016-03-24 06:10:24', 'LEMKARI', 'Putra', '66'),
(10, 'CINTA MAHARANI SUHARSONO PUTRI', 'SRAGEN', 42, '2005-03-02', '2016-03-24 06:10:24', 'LEMKARI', 'Putra', '36'),
(11, 'ARIP WIRA UTAMA', 'SRAGEN', 34, '2002-05-05', '2016-03-24 06:10:24', 'LEMKARI', 'Putra', '64'),
(12, 'AOLINDA TAHARA FA''IZA', 'MIN-NGIJO SRAGEN', 25, '2006-12-03', '2016-03-24 06:10:24', 'LEMKARI', 'Putra', '46'),
(13, 'MUHAMMAD DEVA ABDILLAH', 'MIN-NGIJO SRAGEN', 25, '2006-06-26', '2016-03-24 06:10:24', 'LEMKARI', 'Putra', '50'),
(14, 'FADILLAH NUR AINNI', 'MIN-NGIJO SRAGEN', 45, '2005-03-03', '2016-03-24 06:10:24', 'LEMKARI', 'Putri', '17'),
(15, 'INDANA NAJMU SORAYA', 'MIN-NGIJO SRAGEN', 28, '2004-10-22', '2016-03-24 06:10:24', 'LEMKARI', 'Putri', '17'),
(16, 'INDANA NAJMU SORAYA', 'MIN-NGIJO SRAGEN', 28, '2004-10-22', '2016-03-24 06:10:24', 'LEMKARI', 'Putra', '47'),
(17, 'SALSABILA AMELIA TIANTIKA', 'MIN-NGIJO SRAGEN', 45, '2004-09-15', '2016-03-24 06:10:24', 'LEMKARI', 'Putri', '29'),
(18, 'ADRIAN SAEKETU', 'MIN-NGIJO SRAGEN', 30, '2003-08-03', '2016-03-24 06:10:24', 'LEMKARI', 'Putra', '55'),
(19, 'IRFAN HIDAYAT', 'MIN-NGIJO SRAGEN', 34, '2003-03-29', '2016-03-24 06:10:24', 'LEMKARI', 'Putra', '55'),
(20, 'AFIF ALKHATAB', 'MIN-NGIJO SRAGEN', 67, '2003-02-19', '2016-03-24 06:10:24', 'LEMKARI', 'Putra', '37'),
(21, 'RIZKY BIMA NURCAHYA', 'MIN-NGIJO SRAGEN', 52, '2000-10-30', '2016-03-24 06:10:24', 'LEMKARI', 'Putra', '65'),
(22, 'BIMA DWI ANTO NUGROHO', 'MIN-NGIJO SRAGEN', 70, '2001-01-25', '2016-03-24 06:10:24', 'LEMKARI', 'Putra', '42'),
(23, 'PUTRI AYU ANGGITA AHMAD', 'MIN-NGIJO SRAGEN', 42, '2003-04-25', '2016-03-24 06:10:24', 'LEMKARI', 'Putra', '35'),
(24, 'AFIA HENING RASYIDA', 'MIN-NGIJO SRAGEN', 44, '1999-06-16', '2016-03-24 06:10:24', 'LEMKARI', 'Putra', '62'),
(25, 'VIRA RACHMASARI', 'MIN-NGIJO SRAGEN', 63, '1998-09-16', '2016-03-24 06:10:24', 'LEMKARI', 'Putra', '41'),
(26, 'EUNIKE NOVITA SAEKETU', 'MIN-NGIJO SRAGEN', 70, '1997-11-14', '2016-03-24 06:10:24', 'LEMKARI', 'Putra', '71'),
(27, 'RISKA APRILIYA', 'MIN-NGIJO SRAGEN', 48, '1994-04-07', '2016-03-24 06:10:24', 'LEMKARI', 'Putra', '71'),
(28, 'M. NAILUL WAFA', 'KENDAL', 54, '2000-01-03', '2016-03-24 06:10:24', 'LEMKARI', 'Putri', '73'),
(29, 'WISNU WARDHANA SETIYANTO', 'KENDAL', 54, '1999-11-29', '2016-03-24 06:10:24', 'LEMKARI', 'Putri', '73'),
(30, 'SRI DARMAWANTI', 'KENDAL', 45, '2000-03-27', '2016-03-24 06:10:24', 'LEMKARI', 'Putri', '61'),
(31, 'NARA RENDRA RIZAL SETIA MANALU', 'KENDAL', 19, '2006-08-28', '2016-03-24 06:10:24', 'LEMKARI', 'Putri', '49'),
(32, 'MUHAMMAD ARDIKA DESTIAN NUGRAHA', 'KENDAL', 23, '2005-12-21', '2016-03-24 06:10:24', 'LEMKARI', 'Putra', '49'),
(33, 'MUHAMMAD ARDIKA DESTIAN NUGRAHA', 'KENDAL', 23, '2005-12-22', '2016-03-24 06:10:24', 'LEMKARI', 'Putra', '22'),
(34, 'LINTANG KURNIA RAMADHANI', 'KENDAL', 25, '2006-10-04', '2016-03-24 06:10:24', 'LEMKARI', 'Putra', '45'),
(35, 'AURELIA RISQITA ANINDYA DEWANTI', 'KENDAL', 41, '2006-07-05', '2016-03-24 06:10:24', 'LEMKARI', 'Putri', '27'),
(36, 'ARYAPUTRA SATRIA ARDISKA', 'KENDAL', 32, '2003-11-04', '2016-03-24 06:10:24', 'LEMKARI', 'Putra', '53'),
(37, 'HANDIKA YUDISTIRA', 'KENDAL', 38, '2004-12-22', '2016-03-24 06:10:24', 'LEMKARI', 'Putra', '33'),
(38, 'IKNE SEPTIA SARI', 'KENDAL', 24, '2004-09-23', '2016-03-24 06:10:24', 'LEMKARI', 'Putra', '47'),
(39, 'IKNE SEPTIA SARI', 'KENDAL', 24, '1900-01-23', '2016-03-24 06:10:24', 'LEMKARI', 'Putra', '17'),
(40, 'DITA CAHYA PUSPITA', 'KENDAL', 30, '2003-12-16', '2016-03-24 06:10:24', 'LEMKARI', 'Putri', '29'),
(41, 'MUHAMMAD HUSNI FIRDAUS', 'KENDAL', 34, '2004-11-20', '2016-03-24 06:10:24', 'LEMKARI', 'Putri', '53'),
(42, 'PITA ARIFIANI', 'KENDAL', 36, '2004-03-12', '2016-03-24 06:10:24', 'LEMKARI', 'Putri', '29'),
(43, 'MUFIT', 'KENDAL', 28, '2003-02-18', '2016-03-24 06:10:24', 'LEMKARI', 'Putra', '55'),
(44, 'QOYYUM ABDURAHMAN', 'KENDAL', 30, '2002-12-29', '2016-03-24 06:10:24', 'LEMKARI', 'Putri', '55'),
(45, 'BAGUS RIZQIAWAN', 'KENDAL', 29, '2003-03-01', '2016-03-24 06:10:24', 'LEMKARI', 'Putri', '55'),
(46, 'IKE NOVI TRIYANASARI', 'KENDAL', 23, '2002-11-04', '2016-03-24 06:10:24', 'LEMKARI', 'Putra', '51'),
(47, 'NISA RAMADHANI', 'KENDAL', 37, '2002-11-24', '2016-03-24 06:10:24', 'LEMKARI', 'Putri', '57'),
(48, 'FANNY YUNIOR ABDILAH PRATAMA', 'KENDAL', 52, '2000-07-15', '2016-03-24 06:10:24', 'LEMKARI', 'Putra', '65'),
(49, 'DAFFY MUHAMMAD HIFAZ', 'KENDAL', 29, '2001-10-18', '2016-03-24 06:10:24', 'LEMKARI', 'Putri', '65'),
(50, 'ANGGER RESTU BASUNONDO', 'KENDAL', 60, '2000-04-02', '2016-03-24 06:10:24', 'LEMKARI', 'Putri', '77'),
(51, 'IMELDA CHARLY VIA', 'KENDAL', 45, '2001-01-21', '2016-03-24 06:10:24', 'LEMKARI', 'Putra', '60'),
(52, 'MAHARANI KUSUMA PUTRI', 'KENDAL', 50, '2000-01-16', '2016-03-24 06:10:24', 'LEMKARI', 'Putri', '68'),
(53, 'PUTRI PRATAMASARI', 'KENDAL', 50, '2001-04-11', '2016-03-24 06:10:24', 'LEMKARI', 'Putri', '68'),
(54, 'SAHNING DIAH SAPUTRI', 'KENDAL', 60, '2000-09-11', '2016-03-24 06:10:24', 'LEMKARI', 'Putra', '39'),
(55, 'WISNU SETYO AJI ', 'KENDAL', 49, '1998-08-03', '2016-03-24 06:10:24', 'LEMKARI', 'Putra', '70'),
(56, 'MUKHAMAD NUR HABIB FIRDAUS', 'KENDAL', 51, '1998-01-09', '2016-03-24 06:10:24', 'LEMKARI', 'Putri', '70'),
(57, 'ANANDITYA RESTU', 'KENDAL', 60, '1998-06-07', '2016-03-24 06:10:24', 'LEMKARI', 'Putra', '76'),
(58, 'ANANDITYA RESTU', 'KENDAL', 60, '1998-06-08', '2016-03-24 06:10:24', 'LEMKARI', 'Putri', '7'),
(59, 'NUR CHAKIKI RAMADIANSYAH', 'KENDAL', 68, '1998-12-29', '2016-03-24 06:10:24', 'LEMKARI', 'Putra', '81'),
(60, 'HILDA SAFITRI', 'KENDAL', 44, '1999-10-18', '2016-03-24 06:10:24', 'LEMKARI', 'Putri', '62'),
(61, 'GITA FITRIANI ', 'KENDAL', 48, '1999-01-18', '2016-03-24 06:10:24', 'LEMKARI', 'Putri', '67'),
(62, 'ADITYA SETIASIH ', 'KENDAL', 53, '1998-12-26', '2016-03-24 06:10:24', 'LEMKARI', 'Putra', '67'),
(63, 'FEBRI SULISTYOWATI', 'KENDAL', 58, '1998-02-03', '2016-03-24 06:10:24', 'LEMKARI', 'Putra', '74'),
(64, 'SURANI ', 'KENDAL', 47, '1996-06-06', '2016-03-24 06:10:24', 'LEMKARI', 'Putri', '75'),
(65, 'TUHFAH', 'KENDAL', 41, '1995-12-23', '2016-03-24 06:10:24', 'LEMKARI', 'Putri', '71'),
(66, 'AFIF FACHRUR', 'KENDAL', 63, '1997-07-25', '2016-03-24 06:10:24', 'LEMKARI', 'Putra', '78'),
(67, 'SUKOMERMO', 'KENDAL', 34, '1970-04-05', '2016-03-24 06:10:24', 'LEMKARI', 'Putri', '83'),
(68, 'NAUFAL DZAKI', 'SGR KARATE CLUB SURAKARTA', 69, '1999-10-14', '2016-03-24 06:10:24', 'LEMKARI', 'Putra', '81'),
(69, 'MUHAMMAD HAFIDZ ASSIDDIQ ', 'SGR KARATE CLUB SURAKARTA', 81, '2000-01-16', '2016-03-24 06:10:24', 'LEMKARI', 'Putri', '42'),
(70, 'SURYA RASA SEJATI', 'SGR KARATE CLUB SURAKARTA', 61, '2000-03-20', '2016-03-24 06:10:24', 'LEMKARI', 'Putra', '43'),
(71, 'BOBY NARIYANTO SAPUTRA', 'SGR KARATE CLUB SURAKARTA', 49, '1999-09-04', '2016-03-24 06:10:24', 'LEMKARI', 'Putra', '70'),
(72, 'NAFIS WIYAN IBNU RIZALDI', 'SGR KARATE CLUB SURAKARTA', 47, '1999-12-17', '2016-03-24 06:10:24', 'LEMKARI', 'Putra', '7'),
(73, 'NAFIS WIYAN IBNU RIZALDI', 'SGR KARATE CLUB SURAKARTA', 47, '1999-12-17', '2016-03-24 06:10:24', 'LEMKARI', 'Putra', '70'),
(74, 'ILHAM RIDWAN SANTOSO', 'SGR KARATE CLUB SURAKARTA', 61, '1998-03-06', '2016-03-24 06:10:24', 'LEMKARI', 'Putri', '76'),
(75, 'EVA HIDAYANA', 'SGR KARATE CLUB SURAKARTA', 50, '1999-07-07', '2016-03-24 06:10:24', 'LEMKARI', 'Putra', '2'),
(76, 'NOVENDA HIJRAH NUGRAHENI PRAMUKTI', 'SGR KARATE CLUB SURAKARTA', 42, '1998-11-01', '2016-03-24 06:10:24', 'LEMKARI', 'Putri', '2'),
(77, 'WIRANTHI ATIKHA SYURI', 'SGR KARATE CLUB SURAKARTA', 63, '1999-02-27', '2016-03-24 06:10:24', 'LEMKARI', 'Putri', '2'),
(78, 'WIRANTHI ATIKHA SYURI', 'SGR KARATE CLUB SURAKARTA', 63, '1999-02-27', '2016-03-24 06:10:24', 'LEMKARI', 'Putri', '41'),
(79, 'NANDADARYSHA', 'SGR KARATE CLUB SURAKARTA', 51, '1999-05-18', '2016-03-24 06:10:24', 'LEMKARI', 'Putri', '67'),
(80, 'YANUAR EKA MILLENIAWAN', 'SGR KARATE CLUB SURAKARTA', 78, '2000-01-22', '2016-03-24 06:10:24', 'LEMKARI', 'Putra', '43'),
(81, 'DHINA GANDHINI', 'SGR KARATE CLUB SURAKARTA', 46, '1999-02-26', '2016-03-24 06:10:24', 'LEMKARI', 'Putra', '62'),
(82, 'HENY SETYANINGSIH', 'SGR KARATE CLUB SURAKARTA', 52, '1997-10-02', '2016-03-24 06:10:24', 'LEMKARI', 'Putri', '71'),
(83, 'ARUM RUJIATI', 'SGR KARATE CLUB SURAKARTA', 49, '1998-07-11', '2016-03-24 06:10:24', 'LEMKARI', 'Putri', '67'),
(84, 'ARIZQA ULFA PUTRIYANI', 'SGR KARATE CLUB SURAKARTA', 43, '1996-09-02', '2016-03-24 06:10:24', 'LEMKARI', 'Putra', '71'),
(85, 'MUHAMMAD PRASETYO', 'SGR KARATE CLUB SURAKARTA', 86, '1996-02-12', '2016-03-24 06:10:24', 'LEMKARI', 'Putra', '20'),
(86, 'MUHAMMAD PRASETYO', 'SGR KARATE CLUB SURAKARTA', 86, '1996-02-12', '2016-03-24 06:10:24', 'LEMKARI', 'Putri', '44'),
(87, 'YULIANA PURNAMA SARI', 'TAYU', 52, '2005-07-14', '2016-03-24 06:10:24', 'LEMKARI', 'Putri', '29'),
(88, 'HANGGAR APRILYA', 'TAYU', 50, '2000-04-21', '2016-03-24 06:10:24', 'LEMKARI', 'Putra', '69'),
(89, 'DYAH AYU RETNO WULAN', 'TAYU', 54, '2000-05-18', '2016-03-24 06:10:24', 'LEMKARI', 'Putra', '69'),
(90, 'ADITA AYU SETYOWATI', 'TAYU', 55, '2000-02-26', '2016-03-24 06:10:24', 'LEMKARI', 'Putra', '81'),
(91, 'ROSALINDA NURLIZAWANTI', 'TAYU', 43, '1999-11-29', '2016-03-24 06:10:24', 'LEMKARI', 'Putra', '61'),
(92, 'CHELLY MAHARDIKA PUTRI', 'TAYU', 45, '1999-04-07', '2016-03-24 06:10:24', 'LEMKARI', 'Putri', '61'),
(93, 'MIR''ATUTS TSANIYYATUL MUNAA', 'TAYU', 48, '1999-11-18', '2016-03-24 06:10:24', 'LEMKARI', 'Putra', '69'),
(94, 'UKI KARTIKA SARI', 'TAYU', 54, '1999-02-18', '2016-03-24 06:10:24', 'LEMKARI', 'Putra', '68'),
(95, 'NABELLA LARAS SAFITRI', 'TAYU', 55, '1999-01-28', '2016-03-24 06:10:24', 'LEMKARI', 'Putri', '39'),
(96, 'ATIQOH NOVITA SARI', 'TAYU', 53, '1999-11-15', '2016-03-24 06:10:24', 'LEMKARI', 'Putra', '68'),
(97, 'AHMAD SHOFI''I', 'TAYU', 68, '1999-07-05', '2016-03-24 06:10:24', 'LEMKARI', 'Putri', '79'),
(98, 'ROHMAD SA''TORI', 'TAYU', 54, '1999-10-25', '2016-03-24 06:10:24', 'LEMKARI', 'Putri', '70'),
(99, 'EKA SRI MURYANI', 'TAYU', 50, '1998-01-07', '2016-03-24 06:10:24', 'LEMKARI', 'Putra', '67'),
(100, 'DIANA PUSPITASARI', 'TAYU', 51, '1998-05-02', '2016-03-24 06:10:24', 'LEMKARI', 'Putra', '67'),
(101, 'OKTAFIA MURITA RAHMAWATI', 'TAYU', 55, '1998-10-23', '2016-03-24 06:10:24', 'LEMKARI', 'Putri', '74'),
(102, 'SRI WAHYUNIHSIH', 'TAYU', 58, '1987-04-26', '2016-03-24 06:10:24', 'LEMKARI', 'Putra', '74'),
(103, 'GRACIA VANYA', 'PURBALINGGA', 59, '2007-06-11', '2016-03-24 06:10:24', 'LEMKARI', 'Putra', '25'),
(104, 'VIORENTINO JULIFIA NURMAFIANTO', 'PURBALINGGA', 30, '2003-06-05', '2016-03-24 06:10:24', 'LEMKARI', 'Putri', '3'),
(105, 'VIORENTINO JULIFIA NURMAFIANTO', 'PURBALINGGA', 30, '2003-06-05', '2016-03-24 06:10:24', 'LEMKARI', 'Putra', '55'),
(106, 'VIORENTINO JULIFIA NURMAFIANTO', 'PURBALINGGA', 30, '2003-06-05', '2016-03-24 06:10:24', 'LEMKARI', 'Putra', '11'),
(107, 'ARDEN HABIBULLAH', 'PURBALINGGA', 37, '2004-06-05', '2016-03-24 06:10:24', 'LEMKARI', 'Putri', '3'),
(108, 'ARDEN HABIBULLAH', 'PURBALINGGA', 37, '2004-06-05', '2016-03-24 06:10:24', 'LEMKARI', 'Putri', '11'),
(109, 'JANNAT HASBILLAH ROYAN ASAGAM', 'PURBALINGGA', 43, '2005-06-21', '2016-03-24 06:10:24', 'LEMKARI', 'Putra', '3'),
(110, 'JANNAT HASBILLAH ROYAN ASAGAM', 'PURBALINGGA', 43, '2005-06-21', '2016-03-24 06:10:24', 'LEMKARI', 'Putri', '65'),
(111, 'JANNAT HASBILLAH ROYAN ASAGAM', 'PURBALINGGA', 43, '2005-06-21', '2016-03-24 06:10:24', 'LEMKARI', 'Putra', '9'),
(112, 'KHARISMA ASMARANI', 'KUDUS', 61, '2000-08-12', '2016-03-24 06:10:24', 'LEMKARI', 'Putra', '39'),
(113, 'KHARISMA ASMARANI', 'KUDUS', 61, '2000-08-12', '2016-03-24 06:10:24', 'LEMKARI', 'Putra', '10'),
(114, 'KHARISMA ASMARANI', 'KUDUS', 61, '2000-08-12', '2016-03-24 06:10:24', 'LEMKARI', 'Putri', '4'),
(115, 'LUTFIA AGUSTINA RISTIYANI', 'KUDUS', 50, '2000-08-13', '2016-03-24 06:10:24', 'LEMKARI', 'Putra', '68'),
(116, 'LUTFIA AGUSTINA RISTIYANI', 'KUDUS', 50, '2000-08-13', '2016-03-24 06:10:24', 'LEMKARI', 'Putri', '10'),
(117, 'LUTFIA AGUSTINA RISTIYANI', 'KUDUS', 50, '2000-08-13', '2016-03-24 06:10:24', 'LEMKARI', 'Putri', '4'),
(118, 'RISZA AULIA ANINDHITA', 'KUDUS', 41, '2002-12-15', '2016-03-24 06:10:24', 'LEMKARI', 'Putra', '35'),
(119, 'RISZA AULIA ANINDHITA', 'KUDUS', 41, '2002-12-15', '2016-03-24 06:10:24', 'LEMKARI', 'Putra', '13'),
(120, 'RISZA AULIA ANINDHITA', 'KUDUS', 41, '2002-12-15', '2016-03-24 06:10:24', 'LEMKARI', 'Putri', '4'),
(121, 'RAHARDIAN SATRIA PRAMUDITA', 'KUDUS', 44, '2002-08-24', '2016-03-24 06:10:24', 'LEMKARI', 'Putri', '58'),
(122, 'RAHARDIAN SATRIA PRAMUDITA', 'KUDUS', 44, '2002-08-24', '2016-03-24 06:10:24', 'LEMKARI', 'Putri', '11'),
(123, 'LATHIFUL KHAIRUR RASYID G.S', 'KUDUS', 35, '2005-08-21', '2016-03-24 06:10:24', 'LEMKARI', 'Putra', '33'),
(124, 'LATHIFUL KHAIRUR RASYID G.S', 'KUDUS', 35, '2005-08-21', '2016-03-24 06:10:24', 'LEMKARI', 'Putri', '15'),
(125, 'MUHAMMAD DZAKA HIBATULLAH', 'KUDUS', 34, '2006-01-03', '2016-03-24 06:10:24', 'LEMKARI', 'Putri', '31'),
(126, 'MUHAMMAD DZAKA HIBATULLAH', 'KUDUS', 34, '2006-01-03', '2016-03-24 06:10:24', 'LEMKARI', 'Putra', '22'),
(127, 'YUNITA INDRIYANI KURNIA', 'KUDUS', 27, '2006-06-01', '2016-03-24 06:10:24', 'LEMKARI', 'Putra', '24'),
(128, 'YUNITA INDRIYANI KURNIA', 'KUDUS', 27, '2006-06-01', '2016-03-24 06:10:24', 'LEMKARI', 'Putri', '27'),
(129, 'RAGIL BAGUS HARIYANTO', 'KUDUS', 47, '2007-07-30', '2016-03-24 06:10:24', 'LEMKARI', 'Putra', '65'),
(130, 'MUHAMMAD KHOLIF', 'KUDUS', 49, '2001-06-06', '2016-03-24 06:10:24', 'LEMKARI', 'Putra', '65'),
(131, 'MUHAMMAD SIGID', 'KUDUS', 35, '2003-07-30', '2016-03-24 06:10:24', 'LEMKARI', 'Putri', '55'),
(132, 'LUINA SHOFIYA AZZAHRA', 'KUDUS', 45, '2001-02-08', '2016-03-24 06:10:24', 'LEMKARI', 'Putra', '60'),
(133, 'ERINA YOWITA PRABAWATI', 'KUDUS', 57, '2001-09-06', '2016-03-24 06:10:24', 'LEMKARI', 'Putri', '39'),
(134, 'DAVE KUKUH PRASANTYO NUGROHO', 'KUDUS', 26, '2005-08-01', '2016-03-24 06:10:24', 'LEMKARI', 'Putri', '53'),
(135, 'CHOIRUL MUNAWAROH', 'KUDUS', 56, '1999-02-11', '2016-03-24 06:10:24', 'LEMKARI', 'Putri', '74'),
(136, 'RAHMA DESI ANDRAINI', 'KUDUS', 52, '1998-12-31', '2016-03-24 06:10:24', 'LEMKARI', 'Putra', '67'),
(137, 'SANIA SEPTIANI', 'KUDUS', 36, '1998-09-05', '2016-03-24 06:10:24', 'LEMKARI', 'Putri', '62'),
(138, 'HELMI AINUN NA''IM', 'KUDUS', 67, '1992-04-17', '2016-03-24 06:10:24', 'LEMKARI', 'Putra', '78'),
(139, 'ABDUL HARIS', 'KUDUS', 80, '1973-11-21', '2016-03-24 06:10:24', 'LEMKARI', 'Putri', '83'),
(140, 'ABDUL HARIS', 'KUDUS', 80, '1973-11-21', '2016-03-24 06:10:24', 'LEMKARI', 'Putra', '26'),
(141, 'MUHAMMAD TAUFIQ', 'KUDUS', 70, '1973-11-21', '2016-03-24 06:10:24', 'LEMKARI', 'Putra', '82'),
(142, 'MUHAMMAD ROY PRASETYO', 'KUDUS', 25, '2005-07-20', '2016-03-24 06:10:24', 'LEMKARI', 'Putri', '54'),
(143, 'RIFQI ARIYANTO', 'KUDUS', 35, '2004-03-16', '2016-03-24 06:10:24', 'LEMKARI', 'Putri', '34'),
(144, 'NASYIFUDDIN AL A''LA', 'KUDUS', 50, '2001-03-04', '2016-03-24 06:10:24', 'LEMKARI', 'Putri', '66'),
(145, 'SATRIO WANYA N', 'KUDUS', 38, '2002-10-09', '2016-03-24 06:10:24', 'LEMKARI', 'Putri', '56'),
(146, 'AMELIA NURUL P', 'KUDUS', 43, '2002-12-01', '2016-03-24 06:10:24', 'LEMKARI', 'Putra', '36'),
(147, 'BAGUS PANGESTU NOOR HIDAYATULLOH', 'KUDUS', 35, '2002-03-29', '2016-03-24 06:10:24', 'LEMKARI', 'Putra', '54'),
(148, 'BAGUS PANGESTU NOOR HIDAYATULLOH', 'KUDUS', 35, '2002-03-29', '2016-03-24 06:10:24', 'LEMKARI', 'Putra', '16'),
(149, 'DWI ATMAJA PUJA R', 'KUDUS', 61, '2002-05-07', '2016-03-24 06:10:24', 'LEMKARI', 'Putra', '38'),
(150, 'DWI ATMAJA PUJA R', 'KUDUS', 61, '2002-05-07', '2016-03-24 06:10:24', 'LEMKARI', 'Putri', '12'),
(151, 'TRIA MALICHATUN NIDA', 'KUDUS', 39, '2002-08-27', '2016-03-24 06:10:24', 'LEMKARI', 'Putra', '36'),
(152, 'TRIA MALICHATUN NIDA', 'KUDUS', 35, '2002-08-27', '2016-03-24 06:10:24', 'LEMKARI', 'Putri', '14'),
(153, 'WULANDARI DWISULISTYOWATI', 'DOJO LEMKARI KARTASURA', 43, '2001-09-01', '2016-03-24 06:10:24', 'LEMKARI', 'Putri', '60'),
(154, 'ELSA PUTRI YANTI', 'DOJO LEMKARI KARTASURA', 49, '2001-05-05', '2016-03-24 06:10:24', 'LEMKARI', 'Putra', '68'),
(155, 'MUHAMMAD GHUFRON MUSTNAFA', 'DOJO LEMKARI KARTASURA', 67, '2000-09-26', '2016-03-24 06:10:24', 'LEMKARI', 'Putri', '42'),
(156, 'CALISTA ANANDA YUDI KUSUMA', 'DOJO LEMKARI KARTASURA', 38, '1999-11-19', '2016-03-24 06:10:24', 'LEMKARI', 'Putri', '62'),
(157, 'MUZAYANAH MUNAWAROH', 'DOJO LEMKARI KARTASURA', 67, '1999-12-05', '2016-03-24 06:10:24', 'LEMKARI', 'Putra', '41'),
(158, 'ARIF FUDIN NOOR ROCHMAT', 'DOJO LEMKARI KARTASURA', 55, '1998-06-20', '2016-03-24 06:10:24', 'LEMKARI', 'Putra', '70'),
(159, 'LUTFAN PARWITTO ADI', 'DOJO LEMKARI KARTASURA', 58, '1998-12-16', '2016-03-24 06:10:24', 'LEMKARI', 'Putri', '76'),
(160, 'R.BRE NARASINGAMURTI MAHENDRATA', 'DOJO LEMKARI KARTASURA', 95, '1999-01-28', '2016-03-24 06:10:24', 'LEMKARI', 'Putra', '71'),
(161, 'KENZHA OMAR JAYAD SATRIA', 'KABUPATEN BATANG', 51, '2004-03-30', '2016-03-24 06:10:24', 'LEMKARI', 'Putra', '34'),
(162, 'FALA DIVA', 'KABUPATEN BATANG', 27, '2005-04-29', '2016-03-24 06:10:24', 'LEMKARI', 'Putra', '48'),
(163, 'MERRY ROSITALIA', 'KABUPATEN BATANG', 61, '2004-06-30', '2016-03-24 06:10:24', 'LEMKARI', 'Putra', '30'),
(164, 'ZEVIANA MELINDA', 'KABUPATEN BATANG', 49, '2001-09-18', '2016-03-24 06:10:24', 'LEMKARI', 'Putra', '69'),
(165, 'FAJAR PRADANA', 'KABUPATEN BATANG', 61, '2000-08-28', '2016-03-24 06:10:24', 'LEMKARI', 'Putra', '77'),
(166, 'ILHAM FIKI ARIF', 'KABUPATEN BATANG', 50, '1999-03-24', '2016-03-24 06:10:24', 'LEMKARI', 'Putri', '70'),
(167, 'KUKUH PRAYOGA', 'KABUPATEN BATANG', 75, '1991-09-12', '2016-03-24 06:10:24', 'LEMKARI', 'Putri', '80'),
(168, 'BAGAS SATRIO ALIYUDIN', 'KABUPATEN BATANG', 35, '2002-07-10', '2016-03-24 06:10:24', 'LEMKARI', 'Putra', '55'),
(169, 'GHIFARY AKMAL PRIMASTAWAN', 'KABUPATEN BATANG', 31, '2003-02-15', '2016-03-24 06:10:24', 'LEMKARI', 'Putri', '56'),
(170, 'CUCU RIDA YUSETIAWAN', 'KABUPATEN BATANG', 50, '1999-01-19', '2016-03-24 06:10:24', 'LEMKARI', 'Putri', '70'),
(171, 'ARDELLE STINA AABIDAH', 'PEKALONGAN', 24, '2007-05-21', '2016-03-24 06:10:24', 'LEMKARI', 'Putri', '45'),
(172, 'ARDELLE STINA AABIDAH', 'PEKALONGAN', 24, '2007-05-21', '2016-03-24 06:10:24', 'LEMKARI', 'Putra', '24'),
(173, 'MUHAMMAD ARJUN NAJAH', 'PEKALONGAN', 60, '2001-05-01', '2016-03-24 06:10:24', 'LEMKARI', 'Putri', '77'),
(174, 'FADLILIANA MUNTAZ SYARIFAH', 'PEKALONGAN', 55, '2000-02-24', '2016-03-24 06:10:24', 'LEMKARI', 'Putri', '39'),
(175, 'TEGAR DIMAS SETIAJI', 'PEKALONGAN', 49, '1999-12-02', '2016-03-24 06:10:24', 'LEMKARI', 'Putri', '65'),
(176, 'CEMPAKA NUR FATIMAH', 'PEKALONGAN', 47, '1999-08-10', '2016-03-24 06:10:24', 'LEMKARI', 'Putra', '8'),
(177, 'CEMPAKA NUR FATIMAH', 'PEKALONGAN', 47, '1999-08-10', '2016-03-24 06:10:24', 'LEMKARI', 'Putri', '62'),
(178, 'NUR MAKHABAH', 'PEKALONGAN', 54, '1998-11-15', '2016-03-24 06:10:24', 'LEMKARI', 'Putra', '8'),
(179, 'NUR MAKHABAH', 'PEKALONGAN', 54, '1998-11-15', '2016-03-24 06:10:24', 'LEMKARI', 'Putra', '74'),
(180, 'DWANI DELTANIA', 'PEKALONGAN', 49, '1999-05-31', '2016-03-24 06:10:24', 'LEMKARI', 'Putra', '67'),
(181, 'AZIZ HARYANTO', 'PEKALONGAN', 41, '1997-09-14', '2016-03-24 06:10:24', 'LEMKARI', 'Putri', '20'),
(182, 'AZIZ HARYANTO', 'PEKALONGAN', 41, '1997-09-14', '2016-03-24 06:10:24', 'LEMKARI', 'Putra', '75'),
(183, 'DARUS INDRA SETYAWAN', 'PEKALONGAN', 60, '1992-02-21', '2016-03-24 06:10:24', 'LEMKARI', 'Putra', '78'),
(184, 'ARYO DARYO', 'PEKALONGAN', 67, '1979-07-13', '2016-03-24 06:10:24', 'LEMKARI', 'Putra', '20'),
(185, 'ARYO DARYO', 'PEKALONGAN', 50, '1979-07-13', '2016-03-24 06:10:24', 'LEMKARI', 'Putri', '82'),
(186, 'NAZWA ZAHROTUS SITA', 'MANDIRI KARATE CLUB', 20, '2007-11-29', '2016-03-24 06:10:24', 'LEMKARI', 'Putra', '25'),
(187, 'NAZWA ZAHROTUS SITA', 'MANDIRI KARATE CLUB', 21, '2007-11-29', '2016-03-24 06:10:24', 'LEMKARI', 'Putra', '46'),
(188, 'VICKO RAMA DAVI', 'MANDIRI KARATE CLUB', 23, '2007-11-24', '2016-03-24 06:10:24', 'LEMKARI', 'Putri', '50'),
(189, 'ACHMAD ZIDAN FACHRURROZI', 'MANDIRI KARATE CLUB', 32, '2005-10-02', '2016-03-24 06:10:24', 'LEMKARI', 'Putra', '5'),
(190, 'ACHMAD ZIDAN FACHRURROZI', 'MANDIRI KARATE CLUB', 32, '2005-10-02', '2016-03-24 06:10:24', 'LEMKARI', 'Putra', '15'),
(191, 'DAVIQ NAZRIL ISLAMY', 'MANDIRI KARATE CLUB', 26, '2007-07-09', '2016-03-24 06:10:24', 'LEMKARI', 'Putri', '22'),
(192, 'DAVIQ NAZRIL ISLAMY', 'MANDIRI KARATE CLUB', 26, '2007-07-09', '2016-03-24 06:10:24', 'LEMKARI', 'Putra', '5'),
(193, 'DAVIQ NAZRIL ISLAMY', 'MANDIRI KARATE CLUB', 26, '2007-07-09', '2016-03-24 06:10:24', 'LEMKARI', 'Putra', '49'),
(194, 'DHEVANGGA NICKOLAS ADHI WIJAYA', 'MANDIRI KARATE CLUB', 34, '2006-03-30', '2016-03-24 06:10:24', 'LEMKARI', 'Putri', '22'),
(195, 'REVALDO LINGGAR JEFFRIANTO', 'MANDIRI KARATE CLUB', 45, '2006-03-20', '2016-03-24 06:10:24', 'LEMKARI', 'Putra', '31'),
(196, 'I''TISHAM FAUZITAMA GUNAWAN', 'MANDIRI KARATE CLUB', 40, '2006-03-01', '2016-03-24 06:10:24', 'LEMKARI', 'Putri', '22'),
(197, 'I''TISHAM FAUZITAMA GUNAWAN', 'MANDIRI KARATE CLUB', 40, '2006-03-01', '2016-03-24 06:10:24', 'LEMKARI', 'Putri', '5'),
(198, 'I''TISHAM FAUZITAMA GUNAWAN', 'MANDIRI KARATE CLUB', 40, '2006-03-01', '2016-03-24 06:10:24', 'LEMKARI', 'Putra', '31'),
(199, 'ANNIDA KARIMA', 'MANDIRI KARATE CLUB', 23, '2006-05-07', '2016-03-24 06:10:24', 'LEMKARI', 'Putra', '24'),
(200, 'ANNIDA KARIMA', 'MANDIRI KARATE CLUB', 23, '2006-05-07', '2016-03-24 06:10:24', 'LEMKARI', 'Putri', '45'),
(201, 'FIRELA PUTRI DIVARANITA', 'MANDIRI KARATE CLUB', 28, '2005-05-05', '2016-03-24 06:10:24', 'LEMKARI', 'Putra', '24'),
(202, 'FIRELA PUTRI DIVARANITA', 'MANDIRI KARATE CLUB', 28, '2005-05-05', '2016-03-24 06:10:24', 'LEMKARI', 'Putri', '27'),
(203, 'YUNAN FAHRIJAL DIANDRA PUTRA', 'MANDIRI KARATE CLUB', 26, '2003-06-11', '2016-03-24 06:10:24', 'LEMKARI', 'Putri', '53'),
(204, 'NUZUL YASA FAIRUZ APTA MABRUR', 'MANDIRI KARATE CLUB', 31, '2004-04-08', '2016-03-24 06:10:24', 'LEMKARI', 'Putra', '5'),
(205, 'NUZUL YASA FAIRUZ APTA MABRUR', 'MANDIRI KARATE CLUB', 31, '2004-04-08', '2016-03-24 06:10:24', 'LEMKARI', 'Putra', '15'),
(206, 'NUZUL YASA FAIRUZ APTA MABRUR', 'MANDIRI KARATE CLUB', 31, '2004-04-08', '2016-03-24 06:10:24', 'LEMKARI', 'Putri', '53'),
(207, 'ALDO ALLAN WICAKSONO', 'MANDIRI KARATE CLUB', 35, '2004-12-06', '2016-03-24 06:10:24', 'LEMKARI', 'Putri', '15'),
(208, 'ALDO ALLAN WICAKSONO', 'MANDIRI KARATE CLUB', 35, '2004-12-06', '2016-03-24 06:10:24', 'LEMKARI', 'Putra', '5'),
(209, 'REZA ARDANA', 'MANDIRI KARATE CLUB', 25, '2004-08-03', '2016-03-24 06:10:24', 'LEMKARI', 'Putra', '53'),
(210, 'KHOIRUL UMAM MUHZHORI', 'MANDIRI KARATE CLUB', 30, '2004-08-19', '2016-03-24 06:10:24', 'LEMKARI', 'Putra', '15'),
(211, 'KHOIRUL UMAM MUHZHORI', 'MANDIRI KARATE CLUB', 30, '2004-08-19', '2016-03-24 06:10:24', 'LEMKARI', 'Putri', '53'),
(212, 'KHOIRUL UMAM MUHZHORI', 'MANDIRI KARATE CLUB', 30, '2004-08-19', '2016-03-24 06:10:24', 'LEMKARI', 'Putra', '5'),
(213, 'SALMA AYU ZAKIYAH', 'MANDIRI KARATE CLUB', 38, '2004-10-27', '2016-03-24 06:10:24', 'LEMKARI', 'Putra', '17'),
(214, 'SALMA AYU ZAKIYAH', 'MANDIRI KARATE CLUB', 38, '2004-10-27', '2016-03-24 06:10:24', 'LEMKARI', 'Putra', '29'),
(215, 'ELFANDA FARHANTIA SURY', 'MANDIRI KARATE CLUB', 44, '2002-01-16', '2016-03-24 06:10:24', 'LEMKARI', 'Putri', '11'),
(216, 'ELFANDA FARHANTIA SURY', 'MANDIRI KARATE CLUB', 44, '2002-01-16', '2016-03-24 06:10:24', 'LEMKARI', 'Putra', '3'),
(217, 'ELFANDA FARHANTIA SURY', 'MANDIRI KARATE CLUB', 44, '2002-01-16', '2016-03-24 06:10:24', 'LEMKARI', 'Putri', '58'),
(218, 'BAGAS RAHESA ADITAMA', 'MANDIRI KARATE CLUB', 30, '2002-02-12', '2016-03-24 06:10:24', 'LEMKARI', 'Putri', '11'),
(219, 'BAGAS RAHESA ADITAMA', 'MANDIRI KARATE CLUB', 30, '2002-02-12', '2016-03-24 06:10:24', 'LEMKARI', 'Putra', '3'),
(220, 'BAGAS RAHESA ADITAMA', 'MANDIRI KARATE CLUB', 30, '2002-02-12', '2016-03-24 06:10:24', 'LEMKARI', 'Putra', '55'),
(221, 'DEEVANA HERAWATI', 'MANDIRI KARATE CLUB', 50, '2001-10-21', '2016-03-24 06:10:24', 'LEMKARI', 'Putra', '35'),
(222, 'TEGAR FITRIYANTO', 'MANDIRI KARATE CLUB', 45, '2000-12-27', '2016-03-24 06:10:24', 'LEMKARI', 'Putra', '9'),
(223, 'TEGAR FITRIYANTO', 'MANDIRI KARATE CLUB', 45, '2000-12-27', '2016-03-24 06:10:24', 'LEMKARI', 'Putra', '3'),
(224, 'TEGAR FITRIYANTO', 'MANDIRI KARATE CLUB', 45, '2000-12-27', '2016-03-24 06:10:24', 'LEMKARI', 'Putri', '65'),
(225, 'FAZANISA ZULFA IZZATI', 'MANDIRI KARATE CLUB', 51, '2000-08-29', '2016-03-24 06:10:24', 'LEMKARI', 'Putri', '68'),
(226, 'DICKY FRAGIESTY RAMA ANDREA', 'MANDIRI KARATE CLUB', 45, '1997-05-16', '2016-03-24 06:10:24', 'LEMKARI', 'Putra', '7'),
(227, 'DICKY FRAGIESTY RAMA ANDREA', 'MANDIRI KARATE CLUB', 45, '1997-05-16', '2016-03-24 06:10:24', 'LEMKARI', 'Putra', '70'),
(228, 'ERA SEPTIYANI', 'MANDIRI KARATE CLUB', 55, '1998-09-12', '2016-03-24 06:10:24', 'LEMKARI', 'Putri', '8'),
(229, 'ERA SEPTIYANI', 'MANDIRI KARATE CLUB', 55, '1998-09-12', '2016-03-24 06:10:24', 'LEMKARI', 'Putra', '74'),
(230, 'TEGAR LINTANG WAHYUDI', 'SKI PAGERUYUNG KENDAL', 29, '2005-12-14', '2016-03-24 06:10:24', 'LEMKARI', 'Putri', '49'),
(231, 'TIAS DWI KURNIAWATI', 'SKI PAGERUYUNG KENDAL', 48, '2001-05-16', '2016-03-24 06:10:24', 'LEMKARI', 'Putra', '68'),
(232, 'AYU WIDIANINGSIH', 'SKI PAGERUYUNG KENDAL', 38, '2002-10-28', '2016-03-24 06:10:24', 'LEMKARI', 'Putri', '57'),
(233, 'KURNIA DEWI KUSUMAWATI', 'SKI PAGERUYUNG KENDAL', 48, '1998-06-19', '2016-03-24 06:10:24', 'LEMKARI', 'Putri', '62'),
(234, 'JOKO WAHYUDI', 'SKI PAGERUYUNG KENDAL', 48, '1998-06-19', '2016-03-24 06:10:24', 'LEMKARI', 'Putra', '83'),
(235, 'INDAH KURNIAWATI', 'DEMAK', 43, '2001-07-10', '2016-03-24 06:10:24', 'LEMKARI', 'Putra', '61'),
(236, 'FATHIN SYEILLA MUNA', 'DEMAK', 33, '2003-01-10', '2016-03-24 06:10:24', 'LEMKARI', 'Putri', '52'),
(237, 'ZUSROTUN NI''MAH', 'DEMAK', 45, '1999-11-28', '2016-03-24 06:10:24', 'LEMKARI', 'Putra', '60'),
(238, 'KUNTI MAWARDATUN NISA''', 'DEMAK', 29, '2003-07-01', '2016-03-24 06:10:24', 'LEMKARI', 'Putra', '51'),
(239, 'MISHBAHUS SURUR', 'DEMAK', 29, '2002-08-01', '2016-03-24 06:10:24', 'LEMKARI', 'Putra', '55'),
(240, 'ALVIANI DYAH RAHMAWATI', 'DEMAK', 50, '1999-06-04', '2016-03-24 06:10:24', 'LEMKARI', 'Putra', '67'),
(241, 'AHMAD BAHRUR ROZAQ', 'DEMAK', 45, '1999-06-27', '2016-03-24 06:10:24', 'LEMKARI', 'Putri', '70'),
(242, 'SURURUN', 'DEMAK', 34, '1979-12-09', '2016-03-24 06:10:24', 'LEMKARI', 'Putri', '82'),
(243, 'ELI RAHMAWATI', 'DEMAK', 35, '2002-01-01', '2016-03-24 06:10:24', 'LEMKARI', 'Putra', '51'),
(244, 'FATKHUL JANAH', 'DEMAK', 41, '1997-11-07', '2016-03-24 06:10:24', 'LEMKARI', 'Putra', '62'),
(245, 'NASWA AULIA WAHYU AJI', 'KEBUMEN', 27, '2003-10-03', '2016-03-24 06:10:24', 'LEMKARI', 'Putra', '47'),
(246, 'NASWA AULIA WAHYU AJI', 'KEBUMEN', 27, '2003-10-03', '2016-03-24 06:10:24', 'LEMKARI', 'Putri', '17'),
(247, 'NASWA AULIA WAHYU AJI', 'KEBUMEN', 27, '2003-10-03', '2016-03-24 06:10:24', 'LEMKARI', 'Putra', '6'),
(248, 'BIMO RINDRA ARDIAN', 'KEBUMEN', 33, '2004-04-29', '2016-03-24 06:10:24', 'LEMKARI', 'Putra', '53'),
(249, 'BIMO RINDRA ARDIAN', 'KEBUMEN', 33, '2004-04-29', '2016-03-24 06:10:24', 'LEMKARI', 'Putra', '15'),
(250, 'NALA SYAHRANI', 'KEBUMEN', 30, '2005-07-27', '2016-03-24 06:10:24', 'LEMKARI', 'Putra', '47'),
(251, 'NALA SYAHRANI', 'KEBUMEN', 30, '2005-07-27', '2016-03-24 06:10:24', 'LEMKARI', 'Putra', '17'),
(252, 'NALA SYAHRANI', 'KEBUMEN', 30, '2005-07-27', '2016-03-24 06:10:24', 'LEMKARI', 'Putra', '6'),
(253, 'NAJWA KHOIRUNNISA SUBEKTI', 'KEBUMEN', 40, '2004-03-19', '2016-03-24 06:10:24', 'LEMKARI', 'Putra', '29'),
(254, 'NAJWA KHOIRUNNISA SUBEKTI', 'KEBUMEN', 40, '2004-03-19', '2016-03-24 06:10:24', 'LEMKARI', 'Putri', '17'),
(255, 'NAJWA KHOIRUNNISA SUBEKTI', 'KEBUMEN', 40, '2004-03-19', '2016-03-24 06:10:24', 'LEMKARI', 'Putri', '6'),
(256, 'PASYA FABILLAH KUMITE', 'KEBUMEN', 47, '2000-12-09', '2016-03-24 06:10:24', 'LEMKARI', 'Putri', '65'),
(257, 'AKBAR ADI PRANATA', 'KEBUMEN', 65, '2000-12-27', '2016-03-24 06:10:24', 'LEMKARI', 'Putra', '42'),
(258, 'SOLEHUN', 'KEBUMEN', 35, '2001-11-13', '2016-03-24 06:10:24', 'LEMKARI', 'Putri', '56'),
(259, 'ARIF RANDITYA FAHREZI', 'KEBUMEN', 26, '2006-05-30', '2016-03-24 06:10:24', 'LEMKARI', 'Putra', '50'),
(260, 'LAELY RAHMA ZAHRAH', 'KEBUMEN', 27, '2006-06-01', '2016-03-24 06:10:24', 'LEMKARI', 'Putri', '25'),
(261, 'LAELY RAHMA ZAHRAH', 'KEBUMEN', 27, '2006-06-01', '2016-03-24 06:10:24', 'LEMKARI', 'Putra', '28'),
(262, 'FITRIA RAHAJENG AYUNINGTYAS', 'KEBUMEN', 33, '2005-01-16', '2016-03-24 06:10:24', 'LEMKARI', 'Putra', '18'),
(263, 'FITRIA RAHAJENG AYUNINGTYAS', 'KEBUMEN', 33, '2005-01-16', '2016-03-24 06:10:24', 'LEMKARI', 'Putri', '30'),
(264, 'ARKAN DHIA NURIL PRATITIS', 'KEBUMEN', 28, '2003-01-16', '2016-03-24 06:10:24', 'LEMKARI', 'Putra', '14'),
(265, 'ARKAN DHIA NURIL PRATITIS', 'KEBUMEN', 28, '2003-01-16', '2016-03-24 06:10:24', 'LEMKARI', 'Putra', '52'),
(266, 'HAMBARA SULTONI', 'KEBUMEN', 32, '2003-01-28', '2016-03-24 06:10:24', 'LEMKARI', 'Putri', '56'),
(267, 'KAREN NASYWA BELLA ANANDA', 'KEBUMEN', 41, '2005-09-11', '2016-03-24 06:10:24', 'LEMKARI', 'Putra', '18'),
(268, 'KAREN NASYWA BELLA ANANDA', 'KEBUMEN', 41, '2005-09-11', '2016-03-24 06:10:24', 'LEMKARI', 'Putra', '30'),
(269, 'ARIF PRASETYO', 'KEBUMEN', 37, '2003-07-30', '2016-03-24 06:10:24', 'LEMKARI', 'Putri', '56'),
(270, 'NADHA AL FATHIAR', 'KEBUMEN', 37, '2003-09-24', '2016-03-24 06:10:24', 'LEMKARI', 'Putri', '56'),
(271, 'RIO EGA YULASTA', 'KEBUMEN', 54, '2005-03-05', '2016-03-24 06:10:24', 'LEMKARI', 'Putra', '34'),
(272, 'INDRA RAHMAWAN', 'JEPARA', 63, '1998-04-22', '2016-03-24 06:10:24', 'LEMKARI', 'Putra', '79'),
(273, 'ARYA BAYUSEPTA RAFIEZAR', 'JEPARA', 40, '2006-09-29', '2016-03-24 06:10:24', 'LEMKARI', 'Putri', '32'),
(274, 'MUHAMMAD FADJAR PRATAMA', 'JEPARA', 23, '2005-04-20', '2016-03-24 06:10:24', 'LEMKARI', 'Putri', '54'),
(275, 'WILDAN THOHA', 'JEPARA', 26, '2004-10-08', '2016-03-24 06:10:24', 'LEMKARI', 'Putra', '54'),
(276, 'RAYHAN PRASETYA NUGRAHA', 'JEPARA', 41, '2005-05-15', '2016-03-24 06:10:24', 'LEMKARI', 'Putri', '34'),
(277, 'WISANGGENI', 'JEPARA', 40, '2003-06-01', '2016-03-24 06:10:24', 'LEMKARI', 'Putra', '56'),
(278, 'WISANGGENI', 'JEPARA', 40, '2003-06-01', '2016-03-24 06:10:24', 'LEMKARI', 'Putra', '12'),
(279, 'MUHAMMAD FITHRUN NUHA ANTASENA', 'JEPARA', 68, '2002-11-28', '2016-03-24 06:10:24', 'LEMKARI', 'Putri', '38'),
(280, 'NADIA ARIFAH PUTRI', 'JEPARA', 35, '2002-02-21', '2016-03-24 06:10:24', 'LEMKARI', 'Putra', '52'),
(281, 'KARINA ADIBA', 'JEPARA', 42, '2002-08-02', '2016-03-24 06:10:24', 'LEMKARI', 'Putra', '36'),
(282, 'FITRI NUR''AINI', 'JEPARA', 44, '2003-02-21', '2016-03-24 06:10:24', 'LEMKARI', 'Putra', '36'),
(283, 'WINDA', 'JEPARA', 57, '2001-12-21', '2016-03-24 06:10:24', 'LEMKARI', 'Putra', '36'),
(284, 'NAILI NOOR RAHMIYA NOVY', 'JEPARA', 46, '2001-11-18', '2016-03-24 06:10:24', 'LEMKARI', 'Putra', '36'),
(285, 'LINDU DANANG SYAMTALIRA BAYU', 'JEPARA', 20, '2006-05-27', '2016-03-24 06:10:24', 'LEMKARI', 'Putri', '22'),
(286, 'LINDU DANANG SYAMTALIRA BAYU', 'JEPARA', 20, '2006-05-27', '2016-03-24 06:10:24', 'LEMKARI', 'Putra', '49'),
(287, 'MUHAMMAD RIZAL KHAIDAR RIZQI ', 'JEPARA', 25, '2006-02-21', '2016-03-24 06:10:24', 'LEMKARI', 'Putra', '49'),
(288, 'PUTRI RAHMAWATI', 'JEPARA', 39, '2000-08-27', '2016-03-24 06:10:24', 'LEMKARI', 'Putra', '61'),
(289, 'MUHAMMAD ILHAM FITRINANDA', 'JEPARA', 34, '2003-12-14', '2016-03-24 06:10:24', 'LEMKARI', 'Putri', '53'),
(290, 'MUHAMMAD ILHAM FITRINANDA', 'JEPARA', 34, '2003-12-14', '2016-03-24 06:10:24', 'LEMKARI', 'Putra', '29'),
(291, 'RAHMA JEHAN ALEIVA', 'JEPARA', 31, '2004-06-14', '2016-03-24 06:10:24', 'LEMKARI', 'Putra', '17'),
(292, 'RAHMA JEHAN ALEIVA', 'JEPARA', 31, '2004-06-14', '2016-03-24 06:10:24', 'LEMKARI', 'Putra', '29'),
(293, 'ZELDA RATIH AFNANI', 'JEPARA', 35, '2004-07-01', '2016-03-24 06:10:24', 'LEMKARI', 'Putri', '29'),
(294, 'ZELDA RATIH AFNANI', 'JEPARA', 35, '2004-07-01', '2016-03-24 06:10:24', 'LEMKARI', 'Putra', '17'),
(295, 'NAOMI SIDHARTA', 'JEPARA', 35, '2005-02-19', '2016-03-24 06:10:24', 'LEMKARI', 'Putri', '17'),
(296, 'AHMAD REIHAN ALAVI', 'JEPARA', 35, '2003-04-21', '2016-03-24 06:10:24', 'LEMKARI', 'Putri', '55'),
(297, 'AHMAD REIHAN ALAVI', 'JEPARA', 26, '2003-04-21', '2016-03-24 06:10:24', 'LEMKARI', 'Putri', '11'),
(298, 'AHMAD REIHAN ALAVI', 'JEPARA', 26, '2003-04-21', '2016-03-24 06:10:24', 'LEMKARI', 'Putra', '3'),
(299, 'ALDITO MAHENDRA FENALDO PRATAMA', 'JEPARA', 50, '2002-07-14', '2016-03-24 06:10:24', 'LEMKARI', 'Putri', '37'),
(300, 'ALDITO MAHENDRA FENALDO PRATAMA', 'JEPARA', 50, '2002-07-14', '2016-03-24 06:10:24', 'LEMKARI', 'Putra', '3'),
(301, 'ALDITO MAHENDRA FENALDO PRATAMA', 'JEPARA', 50, '2002-07-14', '2016-03-24 06:10:24', 'LEMKARI', 'Putri', '11'),
(302, 'RAHMADANI NURIZA ARDHIANSYAH', 'JEPARA', 44, '2001-11-27', '2016-03-24 06:10:24', 'LEMKARI', 'Putri', '58'),
(303, 'RAHMADANI NURIZA ARDHIANSYAH', 'JEPARA', 44, '2001-11-27', '2016-03-24 06:10:24', 'LEMKARI', 'Putra', '3'),
(304, 'YUDHA SATRIA PRATAMA', 'JEPARA', 65, '2003-05-03', '2016-03-24 06:10:24', 'LEMKARI', 'Putra', '37'),
(305, 'YUDHA SATRIA PRATAMA', 'JEPARA', 65, '2008-03-14', '2016-03-24 06:10:24', 'LEMKARI', 'Putra', '11'),
(306, 'INANUL KAMILA', 'JEPARA', 65, '2002-06-10', '2016-03-24 06:10:24', 'LEMKARI', 'Putri', '35'),
(307, 'INANUL KAMILA', 'JEPARA', 41, '2002-06-10', '2016-03-24 06:10:24', 'LEMKARI', 'Putra', '13'),
(308, 'INANUL KAMILA', 'JEPARA', 41, '2002-06-10', '2016-03-24 06:10:24', 'LEMKARI', 'Putra', '4'),
(309, 'NEVINTA BUDI PRATIWI', 'JEPARA', 41, '2001-11-21', '2016-03-24 06:10:24', 'LEMKARI', 'Putra', '13'),
(310, 'NEVINTA BUDI PRATIWI', 'JEPARA', 41, '2001-11-21', '2016-03-24 06:10:24', 'LEMKARI', 'Putra', '4'),
(311, 'SAFIA NUR ASHA', 'JEPARA', 41, '2001-02-20', '2016-03-24 06:10:24', 'LEMKARI', 'Putri', '51'),
(312, 'RAVI FIRMAN DWIRAHMA', 'JEPARA', 55, '2000-05-17', '2016-03-24 06:10:24', 'LEMKARI', 'Putra', '3'),
(313, 'RAVI FIRMAN DWIRAHMA', 'JEPARA', 55, '2000-05-17', '2016-03-24 06:10:24', 'LEMKARI', 'Putra', '9'),
(314, 'RAVI FIRMAN DWIRAHMA', 'JEPARA', 55, '2000-05-17', '2016-03-24 06:10:24', 'LEMKARI', 'Putri', '72'),
(315, 'ADAM MA''RUF', 'JEPARA', 47, '2001-07-14', '2016-03-24 06:10:24', 'LEMKARI', 'Putri', '65'),
(316, 'ADAM MA''RUF', 'JEPARA', 47, '2001-07-14', '2016-03-24 06:10:24', 'LEMKARI', 'Putra', '9'),
(317, 'MUHAMMAD ILHAM KARTIKO', 'JEPARA', 47, '2001-07-06', '2016-03-24 06:10:24', 'LEMKARI', 'Putra', '9'),
(318, 'MUHAMMAD ILHAM KARTIKO', 'JEPARA', 47, '2001-07-06', '2016-03-24 06:10:24', 'LEMKARI', 'Putra', '3'),
(319, 'AUFA HANIF ABIYYU SULTHON', 'JEPARA', 47, '2000-12-25', '2016-03-24 06:10:24', 'LEMKARI', 'Putri', '42'),
(320, 'AUFA HANIF ABIYYU SULTHON', 'JEPARA', 69, '2000-12-25', '2016-03-24 06:10:24', 'LEMKARI', 'Putra', '9'),
(321, 'AGRANDHISA ZEN RAJENDRA', 'JEPARA', 44, '2001-07-03', '2016-03-24 06:10:24', 'LEMKARI', 'Putri', '65'),
(322, 'REZA SURYA MINATA', 'JEPARA', 44, '2001-05-27', '2016-03-24 06:10:24', 'LEMKARI', 'Putri', '65'),
(323, 'REZA SURYA MINATA', 'JEPARA', 44, '2001-05-27', '2016-03-24 06:10:24', 'LEMKARI', 'Putri', '3'),
(324, 'ZELETA FEBA HAPRIFANYUNA', 'JEPARA', 54, '2000-02-12', '2016-03-24 06:10:24', 'LEMKARI', 'Putri', '39'),
(325, 'ZELETA FEBA HAPRIFANYUNA', 'JEPARA', 54, '2000-02-12', '2016-03-24 06:10:24', 'LEMKARI', 'Putri', '4'),
(326, 'ZELETA FEBA HAPRIFANYUNA', 'JEPARA', 54, '2000-02-12', '2016-03-24 06:10:24', 'LEMKARI', 'Putra', '10'),
(327, 'ANGGIT ASTU NGKARASATYAS', 'JEPARA', 54, '2001-04-04', '2016-03-24 06:10:24', 'LEMKARI', 'Putra', '10'),
(328, 'ANGGIT ASTU NGKARASATYAS', 'JEPARA', 54, '2001-04-04', '2016-03-24 06:10:24', 'LEMKARI', 'Putra', '4'),
(329, 'DYAH AYU MURDANINGSIH', 'JEPARA', 54, '1999-11-30', '2016-03-24 06:10:24', 'LEMKARI', 'Putra', '60'),
(330, 'DYAH AYU MURDANINGSIH', 'JEPARA', 44, '1999-11-30', '2016-03-24 06:10:24', 'LEMKARI', 'Putri', '4'),
(331, 'TRISTIA WAHYU NOVIANA', 'JEPARA', 44, '2000-11-11', '2016-03-24 06:10:24', 'LEMKARI', 'Putra', '4'),
(332, 'ARDIAN RIZA PAHLEVI', 'JEPARA', 44, '1998-10-30', '2016-03-24 06:10:24', 'LEMKARI', 'Putra', '76'),
(333, 'RAMA CAHYANOFAR MAHENDRA', 'JEPARA', 61, '1999-11-05', '2016-03-24 06:10:24', 'LEMKARI', 'Putra', '76'),
(334, 'MUHAMMAD KHOIRUL ANAM', 'JEPARA', 58, '1997-12-03', '2016-03-24 06:10:24', 'LEMKARI', 'Putri', '76'),
(335, 'USHBA', 'JEPARA', 64, '1998-05-08', '2016-03-24 06:10:24', 'LEMKARI', 'Putri', '79'),
(336, 'RAFI AJI MAS''AT', 'JEPARA', 64, '1998-08-03', '2016-03-24 06:10:24', 'LEMKARI', 'Putri', '79'),
(337, 'DIMAS TRI PRASETYA', 'JEPARA', 74, '1998-08-22', '2016-03-24 06:10:24', 'LEMKARI', 'Putra', '81'),
(338, 'NOVA ARIYANI PUTRI', 'JEPARA', 45, '1998-11-08', '2016-03-24 06:10:24', 'LEMKARI', 'Putra', '2'),
(339, 'NOVA ARIYANI PUTRI', 'JEPARA', 45, '1998-11-08', '2016-03-24 06:10:24', 'LEMKARI', 'Putra', '62'),
(340, 'HANNY AMALLIYANA', 'JEPARA', 45, '1998-12-16', '2016-03-24 06:10:24', 'LEMKARI', 'Putri', '2'),
(341, 'ITA SETIYAWATI', 'JEPARA', 45, '1999-01-01', '2016-03-24 06:10:24', 'LEMKARI', 'Putri', '67'),
(342, 'ITA SETIYAWATI', 'JEPARA', 47, '1999-01-01', '2016-03-24 06:10:24', 'LEMKARI', 'Putra', '2'),
(343, 'QURRATA A''YUN', 'JEPARA', 45, '1997-10-17', '2016-03-24 06:10:24', 'LEMKARI', 'Putri', '71'),
(344, 'AHMAD ANDARU TETUKA', 'JEPARA', 54, '1997-02-07', '2016-03-24 06:10:24', 'LEMKARI', 'Putri', '75'),
(345, 'AGUS SETIAWAN', 'JEPARA', 54, '1978-09-21', '2016-03-24 06:10:24', 'LEMKARI', 'Putra', '82'),
(346, 'SUNARTO', 'JEPARA', 54, '1978-09-21', '2016-03-24 06:10:24', 'LEMKARI', 'Putri', '82'),
(347, 'ARIF MUJIYONO', 'JEPARA', 54, '1964-12-18', '2016-03-24 06:10:24', 'LEMKARI', 'Putra', '26'),
(348, 'ATIN SUKO SALIM', 'JEPARA', 54, '1962-05-14', '2016-03-24 06:10:24', 'LEMKARI', 'Putri', '26'),
(349, 'AHMAD BENY SETIAWAN ', 'JEPARA', 39, '2002-09-16', '2016-03-24 06:10:24', 'LEMKARI', 'Putra', '55'),
(350, 'BAGAS ALIF ARDIANSAH', 'PPMI AS SALAM SURAKARTA', 30, '2003-05-24', '2016-03-24 06:10:24', 'LEMKARI', 'Putra', '56'),
(351, 'SATRIA ARJU RIDLO ROBBY', 'PPMI AS SALAM SURAKARTA', 52, '2008-06-23', '2016-03-24 06:10:24', 'LEMKARI', 'Putra', '38'),
(352, 'MUHAMMAD YARDAN BAYHAQI', 'PPMI AS SALAM SURAKARTA', 79, '2003-06-23', '2016-03-24 06:10:24', 'LEMKARI', 'Putri', '38'),
(353, 'MUHAMMAD RAFLI ALI', 'PPMI AS SALAM SURAKARTA', 50, '2002-12-17', '2016-03-24 06:10:24', 'LEMKARI', 'Putra', '64'),
(354, 'FIRMANDITO SATYA ARDUTA', 'PPMI AS SALAM SURAKARTA', 42, '2003-08-20', '2016-03-24 06:10:24', 'LEMKARI', 'Putri', '59'),
(355, 'MAULANA FADZLUR RAHMAN', 'PPMI AS SALAM SURAKARTA', 43, '2002-07-17', '2016-03-24 06:10:24', 'LEMKARI', 'Putri', '59'),
(356, 'MUHAMMAD ARI FAHRIZAL', 'PPMI AS SALAM SURAKARTA', 32, '2002-07-28', '2016-03-24 06:10:24', 'LEMKARI', 'Putra', '56'),
(357, 'MUHAMMAD FERDIAN SAPUTRO', 'PPMI AS SALAM SURAKARTA', 48, '2003-05-21', '2016-03-24 06:10:24', 'LEMKARI', 'Putri', '64'),
(358, 'ANDHIKA KHAIRUL MUTTAQIEN', 'PPMI AS SALAM SURAKARTA', 50, '2002-04-19', '2016-03-24 06:10:24', 'LEMKARI', 'Putri', '64'),
(359, 'MUHAMMAD FIKRI HIDAYAT', 'PPMI AS SALAM SURAKARTA', 47, '2001-11-08', '2016-03-24 06:10:24', 'LEMKARI', 'Putri', '66'),
(360, 'AINUL FAQIH HAERUDDIN', 'PPMI AS SALAM SURAKARTA', 72, '2000-04-19', '2016-03-24 06:10:24', 'LEMKARI', 'Putri', '43'),
(361, 'MARYAN FAISAL ARIB', 'SMKN 1 SAWIT', 60, '1996-07-12', '2016-03-24 06:10:24', 'LEMKARI', 'Putra', '75'),
(362, 'MOCH. WACHID RIFALDI', 'SMKN 1 SAWIT', 60, '1996-01-04', '2016-03-24 06:10:24', 'LEMKARI', 'Putra', '75'),
(363, 'HANGGAR PRASETYO', 'SMKN 1 SAWIT', 62, '1995-03-07', '2016-03-24 06:10:24', 'LEMKARI', 'Putri', '78'),
(364, 'SARASWATI SUKMA YULIZA', 'SMKN 1 SAWIT', 45, '1998-07-06', '2016-03-24 06:10:24', 'LEMKARI', 'Putra', '62'),
(365, 'PURWANTA', 'SMKN 1 SAWIT', 65, '1982-03-28', '2016-03-24 06:10:24', 'LEMKARI', 'Putra', '78'),
(366, 'PURWANTA', 'SMKN 1 SAWIT', 65, '1982-03-28', '2016-03-24 06:10:24', 'LEMKARI', 'Putra', '20'),
(367, 'PURWANTA', 'SMKN 1 SAWIT', 65, '1982-03-28', '2016-03-24 06:10:24', 'LEMKARI', 'Putra', '1'),
(368, 'MAFTUH AHNAN MAJIID', 'SMKN 1 SAWIT', 57, '1998-11-08', '2016-03-24 06:10:24', 'LEMKARI', 'Putri', '1'),
(369, 'MAFTUH AHNAN MAJIID', 'SMKN 1 SAWIT', 57, '1998-11-08', '2016-03-24 06:10:24', 'LEMKARI', 'Putri', '76'),
(370, 'ABDAN HAIDAR BAHAR', 'SMKN 1 SAWIT', 53, '1998-11-05', '2016-03-24 06:10:24', 'LEMKARI', 'Putri', '70'),
(371, 'ABDAN HAIDAR BAHAR', 'SMKN 1 SAWIT', 53, '1998-11-05', '2016-03-24 06:10:24', 'LEMKARI', 'Putra', '1'),
(372, 'GIANA NAINI', 'SMKN 1 SAWIT', 53, '1998-04-16', '2016-03-24 06:10:24', 'LEMKARI', 'Putra', '1'),
(373, 'INDARYATI', 'SMKN 1 SAWIT', 53, '1998-02-23', '2016-03-24 06:10:24', 'LEMKARI', 'Putri', '1'),
(374, 'EMA KIRANA ROSITA', 'SMKN 1 SAWIT', 53, '1998-10-03', '2016-03-24 06:10:24', 'LEMKARI', 'Putra', '1'),
(375, 'FARIS IRFAN NAUFAL', 'PURWOKERTO-BANYUMAS', 27, '2008-07-01', '2016-03-24 06:10:24', 'LEMKARI', 'Putri', '54'),
(376, 'DIMAS IRSYAD YULIASTAMAN', 'PURWOKERTO-BANYUMAS', 39, '2008-03-14', '2016-03-24 06:10:24', 'LEMKARI', 'Putra', '56'),
(377, 'CAESAR ERLANGGA YUSTISIA', 'PURWOKERTO-BANYUMAS', 35, '2008-01-02', '2016-03-24 06:10:24', 'LEMKARI', 'Putri', '54'),
(378, 'TEGAR YUDHA ASMARANDHI', 'PURWOKERTO-BANYUMAS', 63, '2009-03-31', '2016-03-24 06:10:24', 'LEMKARI', 'Putri', '34'),
(379, 'EMBUN KAHURIPAN', 'PURWOKERTO-BANYUMAS', 49, '2008-03-14', '2016-03-24 06:10:24', 'LEMKARI', 'Putri', '16'),
(380, 'EMBUN KAHURIPAN', 'PURWOKERTO-BANYUMAS', 49, '2008-06-07', '2016-03-24 06:10:24', 'LEMKARI', 'Putra', '34'),
(381, 'DHEA NUR SAFITRI', 'PURWOKERTO-BANYUMAS', 49, '2008-06-23', '2016-03-24 06:10:24', 'LEMKARI', 'Putri', '6'),
(382, 'MAYA KARISSA PUSPA ARUM', 'PURWOKERTO-BANYUMAS', 49, '2008-01-31', '2016-03-24 06:10:24', 'LEMKARI', 'Putra', '18'),
(383, 'MAYA KARISSA PUSPA ARUM', 'PURWOKERTO-BANYUMAS', 49, '2008-03-14', '2016-03-24 06:10:24', 'LEMKARI', 'Putra', '6'),
(384, 'NILNA AULYA CAESA RANY', 'PURWOKERTO-BANYUMAS', 33, '2009-03-31', '2016-03-24 06:10:24', 'LEMKARI', 'Putra', '18'),
(385, 'NILNA AULYA CAESA RANY', 'PURWOKERTO-BANYUMAS', 33, '2007-09-26', '2016-03-24 06:10:24', 'LEMKARI', 'Putra', '6'),
(386, 'NILNA AULYA CAESA RANY', 'PURWOKERTO-BANYUMAS', 33, '2007-11-24', '2016-03-24 06:10:24', 'LEMKARI', 'Putri', '30'),
(387, 'HANI WAHYUNINGSIH', 'PURWOKERTO-BANYUMAS', 40, '2009-03-31', '2016-03-24 06:10:24', 'LEMKARI', 'Putra', '6'),
(388, 'HANI WAHYUNINGSIH', 'PURWOKERTO-BANYUMAS', 40, '2009-03-31', '2016-03-24 06:10:24', 'LEMKARI', 'Putra', '30'),
(389, 'RAHMADHANI FADILLAH PERMANASASI', 'PURWOKERTO-BANYUMAS', 38, '2007-11-24', '2016-03-24 06:10:24', 'LEMKARI', 'Putri', '6'),
(390, 'RAHMADHANI FADILLAH PERMANASASI', 'PURWOKERTO-BANYUMAS', 38, '2007-11-29', '2016-03-24 06:10:24', 'LEMKARI', 'Putra', '30'),
(391, 'ANGGITA ANINDYAJATI', 'PURWOKERTO-BANYUMAS', 38, '2007-11-29', '2016-03-24 06:10:24', 'LEMKARI', 'Putra', '6'),
(392, 'ANGGITA ANINDYAJATI', 'PURWOKERTO-BANYUMAS', 38, '2007-11-29', '2016-03-24 06:10:24', 'LEMKARI', 'Putri', '17'),
(393, 'IRA JUNISTIN PUTRI LUBIS', 'PURWOKERTO-BANYUMAS', 38, '2008-01-02', '2016-03-24 06:10:24', 'LEMKARI', 'Putra', '18'),
(394, 'ANANDA FITRIA RAMADHANTI', 'PURWOKERTO-BANYUMAS', 53, '2007-11-29', '2016-03-24 06:10:24', 'LEMKARI', 'Putra', '36'),
(395, 'WAHDA NUR GHAFIS', 'PURWOKERTO-BANYUMAS', 23, '2007-09-26', '2016-03-24 06:10:24', 'LEMKARI', 'Putra', '49'),
(396, 'GALIH AHMAD ARIF', 'PURWOKERTO-BANYUMAS', 28, '2007-11-29', '2016-03-24 06:10:24', 'LEMKARI', 'Putri', '53'),
(397, 'SYAFRIL NUR ROFIK', 'PURWOKERTO-BANYUMAS', 27, '2007-11-29', '2016-03-24 06:10:24', 'LEMKARI', 'Putri', '54'),
(398, 'FEBRIAN PRADANA', 'PURWOKERTO-BANYUMAS', 31, '2007-09-26', '2016-03-24 06:10:24', 'LEMKARI', 'Putri', '54'),
(399, 'BARA CHOIRUDINNATA SURYA', 'PURWOKERTO-BANYUMAS', 33, '2008-07-01', '2016-03-24 06:10:24', 'LEMKARI', 'Putra', '54'),
(400, 'BARA CHOIRUDINNATA SURYA', 'PURWOKERTO-BANYUMAS', 33, '2008-07-01', '2016-03-24 06:10:24', 'LEMKARI', 'Putri', '5'),
(401, 'ANDIKA SATRIO PRATAMA', 'PURWOKERTO-BANYUMAS', 33, '2007-11-24', '2016-03-24 06:10:24', 'LEMKARI', 'Putra', '54'),
(402, 'ANDIKA SATRIO PRATAMA', 'PURWOKERTO-BANYUMAS', 33, '2007-11-29', '2016-03-24 06:10:24', 'LEMKARI', 'Putra', '5'),
(403, 'FAHARSYAH NATHADEWANA SURYA', 'PURWOKERTO-BANYUMAS', 32, '2007-09-26', '2016-03-24 06:10:24', 'LEMKARI', 'Putri', '54'),
(404, 'MUHAMMAD FAJAR MIFTAKHUDDIN', 'PURWOKERTO-BANYUMAS', 45, '2007-11-24', '2016-03-24 06:10:24', 'LEMKARI', 'Putra', '33'),
(405, 'MUHAMMAD BAGUS TRI FAKIHUDIN', 'PURWOKERTO-BANYUMAS', 45, '2007-09-26', '2016-03-24 06:10:24', 'LEMKARI', 'Putri', '15'),
(406, 'RAFI ABDUL GHONI', 'PURWOKERTO-BANYUMAS', 45, '2008-06-23', '2016-03-24 06:10:24', 'LEMKARI', 'Putra', '33'),
(407, 'AIMAN FAUZI NOVA', 'PURWOKERTO-BANYUMAS', 27, '2007-11-29', '2016-03-24 06:10:24', 'LEMKARI', 'Putra', '53'),
(408, 'AIMAN FAUZI NOVA', 'PURWOKERTO-BANYUMAS', 27, '2008-01-02', '2016-03-24 06:10:24', 'LEMKARI', 'Putri', '5'),
(409, 'TANTAHARA YOVIE PUTRA', 'PURWOKERTO-BANYUMAS', 31, '2008-03-14', '2016-03-24 06:10:24', 'LEMKARI', 'Putri', '53'),
(410, 'FARHAN ADIB MA''RIFAT', 'PURWOKERTO-BANYUMAS', 41, '2007-11-29', '2016-03-24 06:10:24', 'LEMKARI', 'Putra', '33'),
(411, 'ANTONIO SASONGKO', 'PURWOKERTO-BANYUMAS', 46, '2008-07-01', '2016-03-24 06:10:24', 'LEMKARI', 'Putri', '63'),
(412, 'ANTONIO SASONGKO', 'PURWOKERTO-BANYUMAS', 46, '2009-03-31', '2016-03-24 06:10:24', 'LEMKARI', 'Putra', '3'),
(413, 'ANDHIKA NASYWA WIDYADHANA', 'PURWOKERTO-BANYUMAS', 36, '2008-07-01', '2016-03-24 06:10:24', 'LEMKARI', 'Putri', '55'),
(414, 'ANDHIKA NASYWA WIDYADHANA', 'PURWOKERTO-BANYUMAS', 36, '2009-03-31', '2016-03-24 06:10:24', 'LEMKARI', 'Putra', '11'),
(415, 'DIMAS SATRIO WIBOWO', 'PURWOKERTO-BANYUMAS', 38, '2008-03-14', '2016-03-24 06:10:24', 'LEMKARI', 'Putra', '55'),
(416, 'DIMAS SATRIO WIBOWO', 'PURWOKERTO-BANYUMAS', 38, '2008-06-07', '2016-03-24 06:10:24', 'LEMKARI', 'Putri', '11'),
(417, 'DIMAS SATRIO WIBOWO', 'PURWOKERTO-BANYUMAS', 38, '2008-06-23', '2016-03-24 06:10:24', 'LEMKARI', 'Putra', '3'),
(418, 'FAIS OKTAVIANSYAH', 'PURWOKERTO-BANYUMAS', 38, '2008-03-14', '2016-03-24 06:10:24', 'LEMKARI', 'Putri', '11'),
(419, 'FAIS OKTAVIANSYAH', 'PURWOKERTO-BANYUMAS', 38, '2008-06-07', '2016-03-24 06:10:24', 'LEMKARI', 'Putri', '3'),
(420, 'KUSUMANINGTYAS ADELIA SAPUTRI', 'PURWOKERTO-BANYUMAS', 38, '2008-03-14', '2016-03-24 06:10:24', 'LEMKARI', 'Putra', '35'),
(421, 'FITRI ANGGRAENI', 'PURWOKERTO-BANYUMAS', 38, '2008-07-01', '2016-03-24 06:10:24', 'LEMKARI', 'Putra', '13'),
(422, 'ALDHY BINTANG NUGROHO', 'PURWOKERTO-BANYUMAS', 56, '2008-07-01', '2016-03-24 06:10:24', 'LEMKARI', 'Putra', '72'),
(423, 'ALDHY BINTANG NUGROHO', 'PURWOKERTO-BANYUMAS', 56, '2009-03-31', '2016-03-24 06:10:24', 'LEMKARI', 'Putri', '3'),
(424, 'ALDHY BINTANG NUGROHO', 'PURWOKERTO-BANYUMAS', 56, '2009-03-31', '2016-03-24 06:10:24', 'LEMKARI', 'Putra', '9'),
(425, 'ALIF ARDIANSYAH SURYA WICAKSANA', 'PURWOKERTO-BANYUMAS', 78, '2008-01-31', '2016-03-24 06:10:24', 'LEMKARI', 'Putra', '42'),
(426, 'ADHYAKSA WIRA BIMANTARA', 'PURWOKERTO-BANYUMAS', 62, '2008-01-02', '2016-03-24 06:10:24', 'LEMKARI', 'Putri', '77'),
(427, 'ADHYAKSA WIRA BIMANTARA', 'PURWOKERTO-BANYUMAS', 62, '2008-01-31', '2016-03-24 06:10:24', 'LEMKARI', 'Putra', '3'),
(428, 'ABU IWON AMI EGI', 'PURWOKERTO-BANYUMAS', 57, '2008-01-02', '2016-03-24 06:10:24', 'LEMKARI', 'Putra', '76'),
(429, 'ABU IWON AMI EGI', 'PURWOKERTO-BANYUMAS', 57, '2008-01-31', '2016-03-24 06:10:24', 'LEMKARI', 'Putri', '7'),
(430, 'ABU IWON AMI EGI', 'PURWOKERTO-BANYUMAS', 57, '2008-03-14', '2016-03-24 06:10:24', 'LEMKARI', 'Putra', '3'),
(431, 'TATA DWI KURNIAWAN', 'PURWOKERTO-BANYUMAS', 52, '2008-07-01', '2016-03-24 06:10:24', 'LEMKARI', 'Putra', '70'),
(432, 'PONCO SUKIHARDONO MARIANUS MEILIANTO', 'PURWOKERTO-BANYUMAS', 55, '2007-11-24', '2016-03-24 06:10:24', 'LEMKARI', 'Putri', '70'),
(433, 'PONCO SUKIHARDONO MARIANUS MEILIANTO', 'PURWOKERTO-BANYUMAS', 55, '2007-11-29', '2016-03-24 06:10:24', 'LEMKARI', 'Putra', '7'),
(434, 'AKBAR BORNEO DAMMARA', 'PURWOKERTO-BANYUMAS', 73, '2008-01-31', '2016-03-24 06:10:24', 'LEMKARI', 'Putra', '7'),
(435, 'AKBAR BORNEO DAMMARA', 'PURWOKERTO-BANYUMAS', 73, '2008-03-14', '2016-03-24 06:10:24', 'LEMKARI', 'Putri', '81'),
(436, 'YOGA SUGITA', 'PURWOKERTO-BANYUMAS', 73, '2008-06-07', '2016-03-24 06:10:24', 'LEMKARI', 'Putri', '82'),
(437, 'DAFFA AHZA HAMIZAN', 'LEMKARI BANJARNEGARA', 28, '2006-09-26', '2016-03-24 06:10:24', 'LEMKARI', 'Putra', '22'),
(438, 'DAFFA AHZA HAMIZAN', 'LEMKARI BANJARNEGARA', 28, '2006-09-26', '2016-03-24 06:10:24', 'LEMKARI', 'Putra', '5'),
(439, 'DAFFA AHZA HAMIZAN', 'LEMKARI BANJARNEGARA', 28, '2006-09-26', '2016-03-24 06:10:24', 'LEMKARI', 'Putri', '49'),
(440, 'VALENTINO ZAKY Y', 'LEMKARI BANJARNEGARA', 25, '2007-02-13', '2016-03-24 06:10:24', 'LEMKARI', 'Putra', '22'),
(441, 'VALENTINO ZAKY Y', 'LEMKARI BANJARNEGARA', 25, '2007-02-13', '2016-03-24 06:10:24', 'LEMKARI', 'Putra', '5'),
(442, 'VALENTINO ZAKY Y', 'LEMKARI BANJARNEGARA', 25, '2007-02-13', '2016-03-24 06:10:24', 'LEMKARI', 'Putri', '49'),
(443, 'LAILA RAMADHANI', 'LEMKARI BANJARNEGARA', 28, '2007-09-26', '2016-03-24 06:10:24', 'LEMKARI', 'Putra', '24'),
(444, 'LAILA RAMADHANI', 'LEMKARI BANJARNEGARA', 28, '2007-09-26', '2016-03-24 06:10:24', 'LEMKARI', 'Putri', '27'),
(445, 'DAFA YOGA', 'LEMKARI BANJARNEGARA', 35, '2004-03-14', '2016-03-24 06:10:24', 'LEMKARI', 'Putra', '15'),
(446, 'DAFA YOGA', 'LEMKARI BANJARNEGARA', 35, '2004-03-14', '2016-03-24 06:10:24', 'LEMKARI', 'Putra', '5'),
(447, 'DAFA YOGA', 'LEMKARI BANJARNEGARA', 35, '2004-03-14', '2016-03-24 06:10:24', 'LEMKARI', 'Putra', '53'),
(448, 'HANIFAN HILBRAM', 'LEMKARI BANJARNEGARA', 45, '2004-07-18', '2016-03-24 06:10:24', 'LEMKARI', 'Putri', '15'),
(449, 'HANIFAN HILBRAM', 'LEMKARI BANJARNEGARA', 45, '2004-07-18', '2016-03-24 06:10:24', 'LEMKARI', 'Putri', '5');
INSERT INTO `peserta` (`id_peserta`, `nama`, `kontingen`, `berat_badan`, `tgl_lahir`, `waktu_input`, `perguruan`, `jk`, `id_kelas`) VALUES
(450, 'HANIFAN HILBRAM', 'LEMKARI BANJARNEGARA', 45, '2004-07-18', '2016-03-24 06:10:24', 'LEMKARI', 'Putra', '33'),
(451, 'VALENTINO AGUNG S', 'LEMKARI BANJARNEGARA', 47, '2004-10-14', '2016-03-24 06:10:24', 'LEMKARI', 'Putri', '5'),
(452, 'VALENTINO AGUNG S', 'LEMKARI BANJARNEGARA', 47, '2004-10-14', '2016-03-24 06:10:24', 'LEMKARI', 'Putra', '15'),
(453, 'VALENTINO AGUNG S', 'LEMKARI BANJARNEGARA', 47, '2004-10-14', '2016-03-24 06:10:24', 'LEMKARI', 'Putri', '33'),
(454, 'FAIRUS PANDU R', 'LEMKARI BANJARNEGARA', 44, '2004-03-04', '2016-03-24 06:10:24', 'LEMKARI', 'Putri', '15'),
(455, 'FAIRUS PANDU R', 'LEMKARI BANJARNEGARA', 44, '2004-03-04', '2016-03-24 06:10:24', 'LEMKARI', 'Putra', '5'),
(456, 'FAIRUS PANDU R', 'LEMKARI BANJARNEGARA', 44, '2004-03-04', '2016-03-24 06:10:24', 'LEMKARI', 'Putra', '33'),
(457, 'MUHAMMAD AGENG P', 'LEMKARI BANJARNEGARA', 42, '2003-11-14', '2016-03-24 06:10:24', 'LEMKARI', 'Putra', '15'),
(458, 'MUHAMMAD AGENG P', 'LEMKARI BANJARNEGARA', 42, '2003-11-14', '2016-03-24 06:10:24', 'LEMKARI', 'Putra', '33'),
(459, 'PRADIPTA CANDRA K', 'LEMKARI BANJARNEGARA', 38, '2003-11-11', '2016-03-24 06:10:24', 'LEMKARI', 'Putri', '17'),
(460, 'PRADIPTA CANDRA K', 'LEMKARI BANJARNEGARA', 38, '2003-11-11', '2016-03-24 06:10:24', 'LEMKARI', 'Putri', '29'),
(461, 'FAJRIH ALFIANSYAH', 'LEMKARI BANJARNEGARA', 40, '2002-05-05', '2016-03-24 06:10:24', 'LEMKARI', 'Putri', '11'),
(462, 'FAJRIH ALFIANSYAH', 'LEMKARI BANJARNEGARA', 40, '2002-05-05', '2016-03-24 06:10:24', 'LEMKARI', 'Putra', '55'),
(463, 'CHENDELLA K', 'LEMKARI BANJARNEGARA', 40, '2002-01-17', '2016-03-24 06:10:24', 'LEMKARI', 'Putra', '13'),
(464, 'CHENDELLA K', 'LEMKARI BANJARNEGARA', 40, '2002-01-17', '2016-03-24 06:10:24', 'LEMKARI', 'Putra', '4'),
(465, 'ARBIN RANGGASETA', 'LEMKARI BANJARNEGARA', 49, '2001-02-04', '2016-03-24 06:10:24', 'LEMKARI', 'Putra', '13'),
(466, 'ARBIN RANGGASETA', 'LEMKARI BANJARNEGARA', 49, '2001-02-04', '2016-03-24 06:10:24', 'LEMKARI', 'Putri', '4'),
(467, 'NUGROHO LUTHFAN K', 'LEMKARI BANJARNEGARA', 54, '2000-04-11', '2016-03-24 06:10:24', 'LEMKARI', 'Putra', '9'),
(468, 'NUGROHO LUTHFAN K', 'LEMKARI BANJARNEGARA', 54, '2000-04-11', '2016-03-24 06:10:24', 'LEMKARI', 'Putra', '3'),
(469, 'NUGROHO LUTHFAN K', 'LEMKARI BANJARNEGARA', 54, '2000-04-11', '2016-03-24 06:10:24', 'LEMKARI', 'Putra', '72'),
(470, 'HANIF NUGROHO K', 'LEMKARI BANJARNEGARA', 69, '2001-04-24', '2016-03-24 06:10:24', 'LEMKARI', 'Putra', '9'),
(471, 'HANIF NUGROHO K', 'LEMKARI BANJARNEGARA', 69, '2001-04-24', '2016-03-24 06:10:24', 'LEMKARI', 'Putri', '3'),
(472, 'TRIANGKOSO', 'LEMKARI BANJARNEGARA', 48, '2000-07-21', '2016-03-24 06:10:24', 'LEMKARI', 'Putri', '65'),
(473, 'GATOT PRIAMBODO', 'LEMKARI BANJARNEGARA', 48, '2000-07-19', '2016-03-24 06:10:24', 'LEMKARI', 'Putra', '65'),
(474, 'LADY LADUNI SAYEKTI', 'LEMKARI BANJARNEGARA', 50, '1998-11-14', '2016-03-24 06:10:24', 'LEMKARI', 'Putra', '4'),
(475, 'LADY LADUNI SAYEKTI', 'LEMKARI BANJARNEGARA', 50, '1998-11-14', '2016-03-24 06:10:24', 'LEMKARI', 'Putri', '74'),
(476, 'PANDU AZIZ RIADI', 'LEMKARI BANJARNEGARA', 64, '1999-01-19', '2016-03-24 06:10:24', 'LEMKARI', 'Putra', '7'),
(477, 'PANDU AZIZ RIADI', 'LEMKARI BANJARNEGARA', 64, '1999-01-19', '2016-03-24 06:10:24', 'LEMKARI', 'Putra', '3'),
(478, 'PANDU AZIZ RIADI', 'LEMKARI BANJARNEGARA', 64, '1999-01-19', '2016-03-24 06:10:24', 'LEMKARI', 'Putra', '67'),
(479, 'HAIKAL HASANA', 'LEMKARI BANJARNEGARA', 58, '1998-02-09', '2016-03-24 06:10:24', 'LEMKARI', 'Putra', '76'),
(480, 'DEEBA DAHAYU P', 'SKC', 29, '2006-07-04', '2016-03-24 06:10:24', 'LEMKARI', 'Putra', '25'),
(481, 'DEEBA DAHAYU P', 'SKC', 29, '2006-07-04', '2016-03-24 06:10:24', 'LEMKARI', 'Putri', '28'),
(482, 'SHAYLA SYAHRANI', 'SKC', 21, '2008-07-01', '2016-03-24 06:10:24', 'LEMKARI', 'Putri', '25'),
(483, 'SHAYLA SYAHRANI', 'SKC', 21, '2008-07-01', '2016-03-24 06:10:24', 'LEMKARI', 'Putri', '6'),
(484, 'ADINDA SALSABILA', 'SKC', 44, '2005-12-11', '2016-03-24 06:10:24', 'LEMKARI', 'Putri', '28'),
(485, 'YUSUF TIRTA SYAHPUTRA', 'SKC', 23, '2005-12-19', '2016-03-24 06:10:24', 'LEMKARI', 'Putra', '50'),
(486, 'MAHENDRA EXCELSA Z P', 'SKC', 25, '2009-03-31', '2016-03-24 06:10:24', 'LEMKARI', 'Putra', '16'),
(487, 'MAHENDRA EXCELSA Z P', 'SKC', 25, '2009-03-31', '2016-03-24 06:10:24', 'LEMKARI', 'Putra', '50'),
(488, 'HANA MAYORI', 'SKC', 25, '2005-11-14', '2016-03-24 06:10:24', 'LEMKARI', 'Putri', '48'),
(489, 'HANA MAYORI', 'SKC', 25, '2005-11-14', '2016-03-24 06:10:24', 'LEMKARI', 'Putra', '6'),
(490, 'SALSABILA BERLYAN A', 'SKC', 35, '2004-08-26', '2016-03-24 06:10:24', 'LEMKARI', 'Putri', '18'),
(491, 'SALSABILA BERLYAN A', 'SKC', 35, '2004-08-26', '2016-03-24 06:10:24', 'LEMKARI', 'Putra', '6'),
(492, 'SALSABILA BERLYAN A', 'SKC', 35, '2004-08-26', '2016-03-24 06:10:24', 'LEMKARI', 'Putra', '30'),
(493, 'BIMA REIKI H', 'SKC', 26, '2003-08-18', '2016-03-24 06:10:24', 'LEMKARI', 'Putra', '5'),
(494, 'BIMA REIKI H', 'SKC', 26, '2003-08-18', '2016-03-24 06:10:24', 'LEMKARI', 'Putra', '53'),
(495, 'MUHAMMAD ALFIAN', 'SKC', 27, '2003-12-07', '2016-03-24 06:10:24', 'LEMKARI', 'Putra', '54'),
(496, 'NADA RANIA S', 'SKC', 33, '2004-12-27', '2016-03-24 06:10:24', 'LEMKARI', 'Putra', '17'),
(497, 'NADA RANIA S', 'SKC', 33, '2004-12-27', '2016-03-24 06:10:24', 'LEMKARI', 'Putri', '29'),
(498, 'NAMIRA AULIA S', 'SKC', 38, '2002-10-23', '2016-03-24 06:10:24', 'LEMKARI', 'Putra', '13'),
(499, 'MUHAMMAD MAJID A', 'SKC', 33, '2002-09-27', '2016-03-24 06:10:24', 'LEMKARI', 'Putra', '55'),
(500, 'FAIZ ISTINDA R.N', 'SKC', 34, '2003-06-17', '2016-03-24 06:10:24', 'LEMKARI', 'Putri', '11'),
(501, 'FAIZ ISTINDA R.N', 'SKC', 34, '2003-06-17', '2016-03-24 06:10:24', 'LEMKARI', 'Putra', '55'),
(502, 'MUHAMMAD RAIHANSYAH', 'SKC', 49, '2001-02-27', '2016-03-24 06:10:24', 'LEMKARI', 'Putra', '9'),
(503, 'ILYAS SABILLAH', 'SKC', 75, '2001-03-14', '2016-03-24 06:10:24', 'LEMKARI', 'Putri', '42'),
(504, 'IMAM SINATRYA', 'SKC', 48, '1999-03-09', '2016-03-24 06:10:24', 'LEMKARI', 'Putra', '70'),
(505, 'DEDIK SYAFI''I', 'SKC', 69, '1996-07-23', '2016-03-24 06:10:24', 'LEMKARI', 'Putra', '80'),
(506, 'MUHAMMAD YUDISTIRA', 'SKC', 63, '1994-03-21', '2016-03-24 06:10:24', 'LEMKARI', 'Putra', '78'),
(507, 'RAHADIAN ADITIA', 'SKC', 65, '1996-06-11', '2016-03-24 06:10:24', 'LEMKARI', 'Putri', '44'),
(508, 'MUHAMMAD RAFY A', 'SKC', 20, '2006-06-27', '2016-03-24 06:10:24', 'LEMKARI', 'Putri', '22'),
(509, 'MUHAMMAD RAFY A', 'SKC', 20, '2006-06-27', '2016-03-24 06:10:24', 'LEMKARI', 'Putri', '5'),
(510, 'MUHAMMAD RAFY A', 'SKC', 20, '2006-06-27', '2016-03-24 06:10:24', 'LEMKARI', 'Putra', '49'),
(511, 'MUHAMMAD RIFQY R A', 'SKC', 42, '2004-10-24', '2016-03-24 06:10:24', 'LEMKARI', 'Putra', '15'),
(512, 'MUHAMMAD RIFQY R A', 'SKC', 42, '2004-10-24', '2016-03-24 06:10:24', 'LEMKARI', 'Putra', '5'),
(513, 'MUHAMMAD RIFQY R A', 'SKC', 42, '2004-10-24', '2016-03-24 06:10:24', 'LEMKARI', 'Putri', '33'),
(514, 'MARTIYA HANDAYANI PUTRI', 'SKC', 41, '1996-03-14', '2016-03-24 06:10:24', 'LEMKARI', 'Putri', '71'),
(515, 'WIDYA RAHAYUNINGTYAS', 'SKC', 50, '1997-01-30', '2016-03-24 06:10:24', 'LEMKARI', 'Putri', '71'),
(516, 'WIDYA RAHAYUNINGTYAS', 'SKC', 50, '1997-01-30', '2016-03-24 06:10:24', 'LEMKARI', 'Putra', '21'),
(517, 'MUHAMMAD IMAM M K', 'SKC', 49, '1995-11-27', '2016-03-24 06:10:24', 'LEMKARI', 'Putri', '75'),
(518, 'MA''RUF WALUYO', 'SKC', 67, '1993-08-28', '2016-03-24 06:10:24', 'LEMKARI', 'Putri', '78'),
(519, 'BINAR NUGROHO', 'SKC', 98, '1996-03-16', '2016-03-24 06:10:24', 'LEMKARI', 'Putra', '44'),
(520, 'AGUS MUZAMIL', 'SKC', 57, '2002-10-23', '2016-03-24 06:10:24', 'LEMKARI', 'Putra', '82'),
(521, 'YERI ALRAMA', 'SKC', 57, '2002-09-27', '2016-03-24 06:10:24', 'LEMKARI', 'Putri', '66'),
(522, 'SRI ENDANG SUSILOWAI', 'SKC', 53, '2003-06-17', '2016-03-24 06:10:24', 'LEMKARI', 'Putra', '21'),
(523, 'NIYA ISNAINI', 'SKC', 53, '2003-06-17', '2016-03-24 06:10:24', 'LEMKARI', 'Putra', '61'),
(524, 'ALVI SEPTIANI P.R', 'SKC', 53, '2001-02-27', '2016-03-24 06:10:24', 'LEMKARI', 'Putra', '61'),
(525, 'RAFI HANIFAN P', 'SKC', 53, '2001-03-14', '2016-03-24 06:10:24', 'LEMKARI', 'Putra', '32'),
(526, 'NAJMA PURWINDA TABRIZA', 'SKC', 53, '1999-03-09', '2016-03-24 06:10:24', 'LEMKARI', 'Putra', '30'),
(527, 'RADAR PUTRA PRATAMA', 'SKC', 27, '1996-07-23', '2016-03-24 06:10:24', 'LEMKARI', 'Putri', '50'),
(528, 'MALA FANSIAH', 'SKC', 39, '1994-03-21', '2016-03-24 06:10:24', 'LEMKARI', 'Putra', '48'),
(529, 'M.ISNAINI', 'SKC', 35, '1996-06-11', '2016-03-24 06:10:24', 'LEMKARI', 'Putra', '30'),
(530, 'ANGGA DWI M', 'SKC', 63, '2006-06-27', '2016-03-24 06:10:24', 'LEMKARI', 'Putra', '70'),
(531, 'RATRI ANGGORO', 'SKC', 49, '2006-06-27', '2016-03-24 06:10:24', 'LEMKARI', 'Putra', '70'),
(532, 'RIKY NUR ADITYA', 'SKC', 49, '2006-06-27', '2016-03-24 06:10:24', 'LEMKARI', 'Putri', '65'),
(533, 'APRI WARDANA', 'SKC', 49, '2004-10-24', '2016-03-24 06:10:24', 'LEMKARI', 'Putri', '75'),
(534, 'MAURA', 'SKC', 49, '2004-10-24', '2016-03-24 06:10:24', 'LEMKARI', 'Putra', '36'),
(535, 'NABILA ALFITA', 'SKC', 49, '2004-10-24', '2016-03-24 06:10:24', 'LEMKARI', 'Putri', '38'),
(536, 'ALVIANO DIAN KEDATON', 'CEPU', 33, '1996-03-14', '2016-03-24 06:10:24', 'LEMKARI', 'Putra', '22'),
(537, 'ALVIANO DIAN KEDATON', 'CEPU', 33, '1997-01-30', '2016-03-24 06:10:24', 'LEMKARI', 'Putra', '49'),
(538, 'BRYAN RISKI ANANDA HAKIM', 'CEPU', 33, '1997-01-30', '2016-03-24 06:10:24', 'LEMKARI', 'Putri', '53'),
(539, 'BRYAN RISKI ANANDA HAKIM', 'CEPU', 40, '1995-11-27', '2016-03-24 06:10:24', 'LEMKARI', 'Putra', '15'),
(540, 'BRYAN RISKI ANANDA HAKIM', 'CEPU', 40, '1993-08-28', '2016-03-24 06:10:24', 'LEMKARI', 'Putri', '3'),
(541, 'DESINTA AYU NAFTALENA', 'CEPU', 38, '1996-03-16', '2016-03-24 06:10:24', 'LEMKARI', 'Putri', '29'),
(542, 'SATPUTRI EKA ASTRIA', 'CEPU', 38, '2002-03-08', '2016-03-24 06:10:24', 'LEMKARI', 'Putri', '57'),
(543, 'SATPUTRI EKA ASTRIA', 'CEPU', 38, '2002-03-08', '2016-03-24 06:10:24', 'LEMKARI', 'Putra', '13'),
(544, 'LINDA ROSALINDA', 'CEPU', 38, '2002-03-16', '2016-03-24 06:10:24', 'LEMKARI', 'Putri', '13'),
(545, 'LINDA ROSALINDA', 'CEPU', 38, '2002-03-16', '2016-03-24 06:10:24', 'LEMKARI', 'Putri', '57'),
(546, 'LINDA ROSALINDA', 'CEPU', 53, '2002-03-16', '2016-03-24 06:10:24', 'LEMKARI', 'Putra', '3'),
(547, 'ISNAIN WARNO HARINTO', 'CEPU', 23, '2003-05-19', '2016-03-24 06:10:24', 'LEMKARI', 'Putri', '55'),
(548, 'ISNAIN WARNO HARINTO', 'CEPU', 28, '2003-05-19', '2016-03-24 06:10:24', 'LEMKARI', 'Putra', '11'),
(549, 'OKTARYANALDI NAVYZHEA PUTRA', 'CEPU', 27, '2002-10-19', '2016-03-24 06:10:24', 'LEMKARI', 'Putra', '58'),
(550, 'MUHAMMAD NUR KHANAFI', 'CEPU', 31, '2001-12-18', '2016-03-24 06:10:24', 'LEMKARI', 'Putri', '11'),
(551, 'MUHAMMAD NUR KHANAFI', 'CEPU', 33, '2001-12-18', '2016-03-24 06:10:24', 'LEMKARI', 'Putri', '3'),
(552, 'MUHAMMAD NUR KHANAFI', 'CEPU', 33, '2001-12-18', '2016-03-24 06:10:24', 'LEMKARI', 'Putra', '58'),
(553, 'BELVA AKMAL ARYA TECTONA', 'CEPU', 33, '2003-06-04', '2016-03-24 06:10:24', 'LEMKARI', 'Putri', '11'),
(554, 'BELVA AKMAL ARYA TECTONA', 'CEPU', 33, '2003-06-04', '2016-03-24 06:10:24', 'LEMKARI', 'Putra', '63'),
(555, 'BAGUS MEY TRI SETIAWAN', 'CEPU', 32, '2001-05-30', '2016-03-24 06:10:24', 'LEMKARI', 'Putra', '9'),
(556, 'BAGUS MEY TRI SETIAWAN', 'CEPU', 45, '2001-05-30', '2016-03-24 06:10:24', 'LEMKARI', 'Putri', '65'),
(557, 'AZRULLAH QIGBAL', 'CEPU', 45, '2001-01-13', '2016-03-24 06:10:24', 'LEMKARI', 'Putri', '9'),
(558, 'AZRULLAH QIGBAL', 'CEPU', 45, '2001-01-13', '2016-03-24 06:10:24', 'LEMKARI', 'Putri', '65'),
(559, 'KARLIGO MAY LALANG TAMA', 'CEPU', 27, '2001-05-10', '2016-03-24 06:10:24', 'LEMKARI', 'Putra', '77'),
(560, 'WIDYA ONA VITA LESTARI', 'CEPU', 27, '1999-09-10', '2016-03-24 06:10:24', 'LEMKARI', 'Putri', '41'),
(561, 'ERIYANTO YOGI SETYAWAN', 'CEPU', 31, '1999-06-29', '2016-03-24 06:10:24', 'LEMKARI', 'Putra', '70'),
(562, 'NOVA ARDIYANSYAH', 'CEPU', 41, '1995-11-24', '2016-03-24 06:10:24', 'LEMKARI', 'Putri', '75'),
(563, 'DEA ABIMANYU', 'CEPU', 46, '1995-10-15', '2016-03-24 06:10:24', 'LEMKARI', 'Putra', '78'),
(564, 'ANGGEO PARAGAS SA''I', 'CEPU', 46, '1996-03-15', '2016-03-24 06:10:24', 'LEMKARI', 'Putra', '75'),
(565, 'DEDEN RISKIANANDIKA', 'CEPU', 36, '1994-11-25', '2016-03-24 06:10:24', 'LEMKARI', 'Putra', '75'),
(566, 'HILMY HAIDAR', 'CEPU', 36, '1995-02-26', '2016-03-24 06:10:24', 'LEMKARI', 'Putri', '78'),
(567, 'ILHAM MUNAJID', 'CEPU', 38, '1996-03-25', '2016-03-24 06:10:24', 'LEMKARI', 'Putra', '44'),
(568, 'MUHAMMAD KHALID PRAKOSO', 'CEPU', 38, '1994-04-19', '2016-03-24 06:10:24', 'LEMKARI', 'Putri', '80'),
(569, 'TRI BAGU PRABOWO', 'CEPU', 38, '1995-07-05', '2016-03-24 06:10:24', 'LEMKARI', 'Putra', '44'),
(570, 'ANGGA DIRGANTARA', 'CEPU', 38, '1995-09-23', '2016-03-24 06:10:24', 'LEMKARI', 'Putra', '80'),
(571, 'CATUR KRIDA SETIAWAN', 'CEPU', 38, '1984-03-11', '2016-03-24 06:10:24', 'LEMKARI', 'Putri', '44'),
(572, 'WAHYU WIDODO', 'CEPU', 38, '1968-05-23', '2016-03-24 06:10:24', 'LEMKARI', 'Putra', '44'),
(573, 'DIANDRA AURA AMELIA', 'CEPU', 38, '2006-01-23', '2016-03-24 06:10:24', 'LEMKARI', 'Putri', '44'),
(574, 'MUHAMMAD EWALDO GIOVANI', 'CEPU', 56, '2006-11-19', '2016-03-24 06:10:24', 'LEMKARI', 'Putra', '23'),
(575, 'MUHAMMAD EWALDO GIOVANI', 'CEPU', 56, '2006-11-19', '2016-03-24 06:10:24', 'LEMKARI', 'Putri', '32'),
(576, 'MUHAMMAD ALIEF ', 'CEPU', 56, '2006-01-29', '2016-03-24 06:10:24', 'LEMKARI', 'Putra', '32'),
(577, 'SHOHIBUL MUNA PRASETYA', 'CEPU', 78, '2006-07-26', '2016-03-24 06:10:24', 'LEMKARI', 'Putra', '23'),
(578, 'SHOHIBUL MUNA PRASETYA', 'CEPU', 62, '2006-07-26', '2016-03-24 06:10:24', 'LEMKARI', 'Putra', '50'),
(579, 'LAVENIA MARSANDA', 'CEPU', 62, '2004-09-20', '2016-03-24 06:10:24', 'LEMKARI', 'Putri', '34'),
(580, 'AULIA TANIA KHANSA', 'CEPU', 57, '2004-10-02', '2016-03-24 06:10:24', 'LEMKARI', 'Putra', '30'),
(581, 'RAFII'' HIBATURRAHMAN', 'CEPU', 57, '2004-01-14', '2016-03-24 06:10:24', 'LEMKARI', 'Putra', '30'),
(582, 'FASHA ISLAMY CHANIAGO', 'CEPU', 57, '2003-03-15', '2016-03-24 06:10:24', 'LEMKARI', 'Putra', '56'),
(583, 'ALVIAN HAMZAH', 'CEPU', 52, '2003-05-21', '2016-03-24 06:10:24', 'LEMKARI', 'Putri', '59'),
(584, 'KRISNA WIBOWO', 'CEPU', 55, '2002-01-20', '2016-03-24 06:10:24', 'LEMKARI', 'Putri', '59'),
(585, 'OKSENKLIW WAHYU PANCA', 'CEPU', 55, '2001-11-01', '2016-03-24 06:10:24', 'LEMKARI', 'Putra', '64'),
(586, 'VITO HIMAWULAN SAPUTRA', 'CEPU', 73, '2003-02-19', '2016-03-24 06:10:24', 'LEMKARI', 'Putri', '38'),
(587, 'VIOLA RAHMA PRATIWI', 'MAGELANG', 73, '2007-02-17', '2016-03-24 06:10:24', 'LEMKARI', 'Putra', '46'),
(588, 'SHINTA NUR ZAHRA', 'MAGELANG', 73, '2008-03-14', '2016-03-24 06:10:24', 'LEMKARI', 'Putra', '24'),
(589, 'HERNANDO RAJENDRA', 'MAGELANG', 28, '2006-03-04', '2016-03-24 06:10:24', 'LEMKARI', 'Putra', '50'),
(590, 'REYDITA CHANTIKA', 'MAGELANG', 28, '2006-09-16', '2016-03-24 06:10:24', 'LEMKARI', 'Putri', '28'),
(591, 'FAUSTI WIDAYANTI', 'MAGELANG', 28, '2005-06-11', '2016-03-24 06:10:24', 'LEMKARI', 'Putra', '28'),
(592, 'RYOU ADYARAKA ANDIAN', 'MAGELANG', 25, '2008-06-07', '2016-03-24 06:10:24', 'LEMKARI', 'Putra', '50'),
(593, 'ADINDA ULAYA', 'MAGELANG', 25, '2006-10-01', '2016-03-24 06:10:24', 'LEMKARI', 'Putra', '48'),
(594, 'RADJA KSATRIA ADEWA', 'MAGELANG', 25, '2006-08-04', '2016-03-24 06:10:24', 'LEMKARI', 'Putra', '32'),
(595, 'BHARLEAN ARYA W', 'MAGELANG', 28, '2007-08-28', '2016-03-24 06:10:24', 'LEMKARI', 'Putri', '50'),
(596, 'AZIZ DWI S', 'MAGELANG', 28, '2006-12-24', '2016-03-24 06:10:24', 'LEMKARI', 'Putri', '50'),
(597, 'CIELO RAZZAM A', 'MAGELANG', 35, '2005-06-11', '2016-03-24 06:10:24', 'LEMKARI', 'Putra', '32'),
(598, 'VALERIO OCTAVIANUS K T', 'MAGELANG', 35, '2005-10-01', '2016-03-24 06:10:24', 'LEMKARI', 'Putra', '50'),
(599, 'RAJIEF BAYU NUR', 'MAGELANG', 35, '2006-09-07', '2016-03-24 06:10:24', 'LEMKARI', 'Putra', '32'),
(600, 'CLARA CARMALA PUTRI', 'MAGELANG', 45, '2006-12-04', '2016-03-24 06:10:24', 'LEMKARI', 'Putri', '28'),
(601, 'RADJA AR RAAFI BINTANG H', 'MAGELANG', 45, '2008-06-23', '2016-03-24 06:10:24', 'LEMKARI', 'Putra', '50'),
(602, 'SHAKIRA KAYLA J', 'MAGELANG', 45, '2008-01-31', '2016-03-24 06:10:24', 'LEMKARI', 'Putri', '19'),
(603, 'BRIGETTA AQELINA', 'MAGELANG', 47, '2008-01-02', '2016-03-24 06:10:24', 'LEMKARI', 'Putra', '19'),
(604, 'SHINTA NUR ZAHRA', 'MAGELANG', 47, '2008-03-14', '2016-03-24 06:10:24', 'LEMKARI', 'Putri', '19'),
(605, 'NADIA NAVEL AMANDA', 'MAGELANG', 47, '2007-06-17', '2016-03-24 06:10:24', 'LEMKARI', 'Putri', '19'),
(606, 'RAFAEL SURYA PUTRA', 'MAGELANG', 44, '2007-02-04', '2016-03-24 06:10:24', 'LEMKARI', 'Putra', '50'),
(607, 'ARJUNA SATRIA Y', 'MAGELANG', 44, '2003-02-17', '2016-03-24 06:10:24', 'LEMKARI', 'Putra', '34'),
(608, 'CUT ANNIZAR ARLYZA', 'MAGELANG', 44, '2006-06-06', '2016-03-24 06:10:24', 'LEMKARI', 'Putri', '24'),
(609, 'CUT ANNIZAR ARLYZA', 'MAGELANG', 42, '2006-06-06', '2016-03-24 06:10:24', 'LEMKARI', 'Putra', '46'),
(610, 'BIMA WIJAYA S', 'MAGELANG', 42, '2001-06-06', '2016-03-24 06:10:24', 'LEMKARI', 'Putra', '11'),
(611, 'BIMA WIJAYA S', 'MAGELANG', 38, '2001-06-06', '2016-03-24 06:10:24', 'LEMKARI', 'Putri', '63'),
(612, 'DIAN KUSUMANINGRUM', 'MAGELANG', 38, '2001-10-13', '2016-03-24 06:10:24', 'LEMKARI', 'Putra', '35'),
(613, 'DINI KUSUMANINGRUM', 'MAGELANG', 40, '2001-10-13', '2016-03-24 06:10:24', 'LEMKARI', 'Putra', '57'),
(614, 'DINI KUSUMANINGRUM', 'MAGELANG', 40, '2001-10-13', '2016-03-24 06:10:24', 'LEMKARI', 'Putri', '13'),
(615, 'DINI KUSUMANINGRUM', 'MAGELANG', 40, '2001-10-13', '2016-03-24 06:10:24', 'LEMKARI', 'Putra', '4'),
(616, 'KINDANA WIRA ADANI', 'MAGELANG', 40, '2003-01-01', '2016-03-24 06:10:24', 'LEMKARI', 'Putra', '33'),
(617, 'KINDANA WIRA ADANI', 'MAGELANG', 49, '2003-01-01', '2016-03-24 06:10:24', 'LEMKARI', 'Putra', '15'),
(618, 'KINDANA WIRA ADANI', 'MAGELANG', 49, '2003-01-01', '2016-03-24 06:10:24', 'LEMKARI', 'Putri', '5'),
(619, 'RESTIANA UQTIANISA S', 'MAGELANG', 54, '2005-02-19', '2016-03-24 06:10:24', 'LEMKARI', 'Putra', '24'),
(620, 'RESTIANA UQTIANISA S', 'MAGELANG', 54, '2005-02-19', '2016-03-24 06:10:24', 'LEMKARI', 'Putra', '27'),
(621, 'BIMA YOHANDY SYAHPUTRA', 'MAGELANG', 54, '2000-01-18', '2016-03-24 06:10:24', 'LEMKARI', 'Putra', '9'),
(622, 'BIMA YOHANDY SYAHPUTRA', 'MAGELANG', 69, '2000-01-18', '2016-03-24 06:10:24', 'LEMKARI', 'Putra', '42'),
(623, 'YASINO ALFAT', 'MAGELANG', 69, '2005-09-24', '2016-03-24 06:10:24', 'LEMKARI', 'Putri', '22'),
(624, 'YASINO ALFAT', 'MAGELANG', 48, '2005-09-24', '2016-03-24 06:10:24', 'LEMKARI', 'Putri', '49'),
(625, 'SYIFA NORMA W', 'MAGELANG', 48, '2004-04-13', '2016-03-24 06:10:24', 'LEMKARI', 'Putra', '17'),
(626, 'SYIFA NORMA W', 'MAGELANG', 50, '2004-04-13', '2016-03-24 06:10:24', 'LEMKARI', 'Putri', '47'),
(627, 'ELVITA ADELAIDE SATRIVIA', 'MAGELANG', 50, '2000-05-08', '2016-03-24 06:10:24', 'LEMKARI', 'Putri', '60'),
(628, 'ELVITA ADELAIDE SATRIVIA', 'MAGELANG', 64, '2000-05-08', '2016-03-24 06:10:24', 'LEMKARI', 'Putri', '10'),
(629, 'ELVITA ADELAIDE SATRIVIA', 'MAGELANG', 64, '2000-05-08', '2016-03-24 06:10:24', 'LEMKARI', 'Putra', '4'),
(630, 'DYAN NOVAL P', 'MAGELANG', 64, '2003-01-21', '2016-03-24 06:10:24', 'LEMKARI', 'Putra', '33'),
(631, 'DYAN NOVAL P', 'MAGELANG', 58, '2003-01-21', '2016-03-24 06:10:24', 'LEMKARI', 'Putri', '15'),
(632, 'DYAN NOVAL P', 'MAGELANG', 29, '2003-01-21', '2016-03-24 06:10:24', 'LEMKARI', 'Putra', '5'),
(633, 'FAMELA INDYA GUSTA', 'MAGELANG', 29, '1999-08-28', '2016-03-24 06:10:24', 'LEMKARI', 'Putri', '39'),
(634, 'FAMELA INDYA GUSTA', 'MAGELANG', 21, '1999-08-28', '2016-03-24 06:10:24', 'LEMKARI', 'Putra', '10'),
(635, 'FAMELA INDYA GUSTA', 'MAGELANG', 21, '1999-08-28', '2016-03-24 06:10:24', 'LEMKARI', 'Putra', '4'),
(636, 'TANAYA DIAN CHANDRA M', 'MAGELANG', 44, '2004-03-07', '2016-03-24 06:10:24', 'LEMKARI', 'Putri', '29'),
(637, 'JISON RAISTA SEWA KOTTAMA', 'MAGELANG', 23, '2004-01-11', '2016-03-24 06:10:24', 'LEMKARI', 'Putri', '33'),
(638, 'JISON RAISTA SEWA KOTTAMA', 'MAGELANG', 25, '2004-01-11', '2016-03-24 06:10:24', 'LEMKARI', 'Putra', '15'),
(639, 'JISON RAISTA SEWA KOTTAMA', 'MAGELANG', 25, '2004-01-11', '2016-03-24 06:10:24', 'LEMKARI', 'Putra', '5'),
(640, 'IZRA SEPTIANA', 'MAGELANG', 25, '2004-01-11', '2016-03-24 06:10:24', 'LEMKARI', 'Putra', '17'),
(641, 'IZRA SEPTIANA', 'MAGELANG', 25, '2004-01-11', '2016-03-24 06:10:24', 'LEMKARI', 'Putri', '29'),
(642, 'Joni Duano', 'Klaten', 24, '1995-09-24', '2016-03-20 04:03:15', 'Inkado', 'Putra', '9');

--
-- Indexes for dumped tables
--

--
-- Indexes for table `admin`
--
ALTER TABLE `admin`
  ADD PRIMARY KEY (`id_admin`),
  ADD FULLTEXT KEY `nama` (`nama`);

--
-- Indexes for table `drowing`
--
ALTER TABLE `drowing`
  ADD PRIMARY KEY (`id_drowing`);

--
-- Indexes for table `drowing_old`
--
ALTER TABLE `drowing_old`
  ADD PRIMARY KEY (`ID`);

--
-- Indexes for table `kelas_all`
--
ALTER TABLE `kelas_all`
  ADD PRIMARY KEY (`id_kelas`);

--
-- Indexes for table `peserta`
--
ALTER TABLE `peserta`
  ADD PRIMARY KEY (`id_peserta`);

--
-- AUTO_INCREMENT for dumped tables
--

--
-- AUTO_INCREMENT for table `admin`
--
ALTER TABLE `admin`
  MODIFY `id_admin` int(5) NOT NULL AUTO_INCREMENT,AUTO_INCREMENT=2;
--
-- AUTO_INCREMENT for table `drowing`
--
ALTER TABLE `drowing`
  MODIFY `id_drowing` int(5) NOT NULL AUTO_INCREMENT;
--
-- AUTO_INCREMENT for table `drowing_old`
--
ALTER TABLE `drowing_old`
  MODIFY `ID` int(11) NOT NULL AUTO_INCREMENT,AUTO_INCREMENT=647;
--
-- AUTO_INCREMENT for table `kelas_all`
--
ALTER TABLE `kelas_all`
  MODIFY `id_kelas` int(5) NOT NULL AUTO_INCREMENT,AUTO_INCREMENT=84;
--
-- AUTO_INCREMENT for table `peserta`
--
ALTER TABLE `peserta`
  MODIFY `id_peserta` int(5) NOT NULL AUTO_INCREMENT,AUTO_INCREMENT=643;
/*!40101 SET CHARACTER_SET_CLIENT=@OLD_CHARACTER_SET_CLIENT */;
/*!40101 SET CHARACTER_SET_RESULTS=@OLD_CHARACTER_SET_RESULTS */;
/*!40101 SET COLLATION_CONNECTION=@OLD_COLLATION_CONNECTION */;
