-- phpMyAdmin SQL Dump
-- version 4.4.12
-- http://www.phpmyadmin.net
--
-- Host: 127.0.0.1
-- Generation Time: Mar 25, 2016 at 09:19 AM
-- Server version: 5.6.25
-- PHP Version: 5.5.27

SET SQL_MODE = "NO_AUTO_VALUE_ON_ZERO";
SET time_zone = "+00:00";


/*!40101 SET @OLD_CHARACTER_SET_CLIENT=@@CHARACTER_SET_CLIENT */;
/*!40101 SET @OLD_CHARACTER_SET_RESULTS=@@CHARACTER_SET_RESULTS */;
/*!40101 SET @OLD_COLLATION_CONNECTION=@@COLLATION_CONNECTION */;
/*!40101 SET NAMES utf8mb4 */;

--
-- Database: `skc_solocup`
--

-- --------------------------------------------------------

--
-- Table structure for table `admin`
--

CREATE TABLE IF NOT EXISTS `admin` (
  `id_admin` int(5) NOT NULL,
  `user` varchar(20) NOT NULL,
  `password` varchar(20) NOT NULL,
  `nama` varchar(100) NOT NULL,
  `status` varchar(100) NOT NULL
) ENGINE=InnoDB AUTO_INCREMENT=4 DEFAULT CHARSET=latin1;

--
-- Dumping data for table `admin`
--

INSERT INTO `admin` (`id_admin`, `user`, `password`, `nama`, `status`) VALUES
(1, 'admin', 'admin', 'Admin Full Control', 'admin'),
(2, 'user', 'user', 'User Frontdesk', 'user'),
(3, 'drower', 'drower', 'Drower Pertandingan', 'drower');

-- --------------------------------------------------------

--
-- Table structure for table `drowing`
--

CREATE TABLE IF NOT EXISTS `drowing` (
  `id_drowing` int(5) NOT NULL,
  `id_kelas` varchar(50) NOT NULL,
  `pool` varchar(5) NOT NULL,
  `list_peserta` text NOT NULL
) ENGINE=InnoDB AUTO_INCREMENT=27 DEFAULT CHARSET=latin1;

-- --------------------------------------------------------

--
-- Table structure for table `kelas_all`
--

CREATE TABLE IF NOT EXISTS `kelas_all` (
  `id_kelas` int(5) NOT NULL,
  `isi_kelas` text NOT NULL
) ENGINE=InnoDB AUTO_INCREMENT=86 DEFAULT CHARSET=latin1;

--
-- Dumping data for table `kelas_all`
--

INSERT INTO `kelas_all` (`id_kelas`, `isi_kelas`) VALUES
(1, 'Kata Beregu Junior - Senior Putra'),
(2, 'Kata Beregu Junior - Senior Putri'),
(3, 'Kata Beregu Pemula - Kadet Putra'),
(4, 'Kata Beregu Pemula - Kadet Putri'),
(5, 'Kata Beregu Usia Dini - Pra Pemula Putra'),
(6, 'Kata Beregu Usia Dini - Pra Pemula Putri'),
(7, 'Kata Perorangan Junior Putra'),
(8, 'Kata Perorangan Junior Putri'),
(9, 'Kata Perorangan Kadet Putra'),
(10, 'Kata Perorangan Kadet Putri'),
(11, 'Kata Perorangan Pemula Putra'),
(12, 'Kata Perorangan Pemula Putra Khusus'),
(13, 'Kata Perorangan Pemula Putri'),
(14, 'Kata Perorangan Pemula Putri Khusus'),
(15, 'Kata Perorangan Pra Pemula Putra'),
(16, 'Kata Perorangan Pra Pemula Putra Khusus'),
(17, 'Kata Perorangan Pra Pemula Putri'),
(18, 'Kata Perorangan Pra Pemula Putri Khusus'),
(19, 'Kata Perorangan Pra Usia Dini Putri'),
(20, 'Kata Perorangan Senior Putra'),
(21, 'Kata Perorangan Senior Putri'),
(22, 'Kata Perorangan Usia Dini Putra'),
(23, 'Kata Perorangan Usia Dini Putra Khusus'),
(24, 'Kata Perorangan Usia Dini Putri'),
(25, 'Kata Perorangan Usia Dini Putri Khusus'),
(26, 'Kata Perorangan Veteran II Putra'),
(27, 'Kumite +25 Kg Usia Dini Putri'),
(28, 'Kumite +25 Kg Usia Dini Putri Khusus'),
(29, 'Kumite +30 Kg Pra Pemula Putri'),
(30, 'Kumite +30 Kg Pra Pemula Putri Khusus'),
(31, 'Kumite +30 Kg Usia Dini Putra'),
(32, 'Kumite +30 Kg Usia Dini Putra Khusus'),
(33, 'Kumite +35 Kg Pra Pemula Putra'),
(34, 'Kumite +35 Kg Pra Pemula Putra Khusus'),
(35, 'Kumite +40 Kg Pemula Putri'),
(36, 'Kumite +40 Kg Pemula Putri Khusus'),
(37, 'Kumite +50 Kg Pemula Putra'),
(38, 'Kumite +50 Kg Pemula Putra Khusus'),
(39, 'Kumite +54 Kg Kadet Putri'),
(40, 'Kumite +55 Kg Kadet Putra'),
(41, 'Kumite +59 Kg Junior Putri'),
(42, 'Kumite +63 Kg Kadet Putra'),
(43, 'Kumite +63 Kg Kadet Putra Khusus'),
(44, 'Kumite +75 Kg Senior Putra'),
(45, 'Kumite -25 Kg Usia Dini Putri'),
(46, 'Kumite -25 Kg Usia Dini Putri Khusus'),
(47, 'Kumite -30 Kg Pra Pemula Putri'),
(48, 'Kumite -30 Kg Pra Pemula Putri Khusus'),
(49, 'Kumite -30 Kg Usia Dini Putra'),
(50, 'Kumite -30 Kg Usia Dini Putra Khusus'),
(51, 'Kumite -35 Kg Pemula Putri'),
(52, 'Kumite -35 Kg Pemula Putri Khusus'),
(53, 'Kumite -35 Kg Pra Pemula Putra'),
(54, 'Kumite -35 Kg Pra Pemula Putra Khusus'),
(55, 'Kumite -40 Kg Pemula Putra'),
(56, 'Kumite -40 Kg Pemula Putra Khusus'),
(57, 'Kumite -40 Kg Pemula Putri'),
(58, 'Kumite -45 Kg Pemula Putra'),
(59, 'Kumite -45 Kg Pemula Putra Khusus'),
(60, 'Kumite -47 Kg Kadet Putri'),
(61, 'Kumite -47 Kg Kadet Putri Khusus'),
(62, 'Kumite -48 Kg Junior Putri'),
(63, 'Kumite -50 Kg Pemula Putra'),
(64, 'Kumite -50 Kg Pemula Putra Khusus'),
(65, 'Kumite -52 Kg Kadet Putra'),
(66, 'Kumite -52 Kg Kadet Putra Khusus'),
(67, 'Kumite -53 Kg Junior Putri'),
(68, 'Kumite -54 Kg Kadet Putri'),
(69, 'Kumite -54 Kg Kadet Putri Khusus'),
(70, 'Kumite -55 Kg Junior Putra'),
(71, 'Kumite -55 Kg Senior Putri'),
(72, 'Kumite -57 Kg Kadet Putra'),
(73, 'Kumite -57 Kg Kadet Putra Khusus'),
(74, 'Kumite -59 Kg Junior Putri'),
(75, 'Kumite -60 Kg Senior Putra'),
(76, 'Kumite -61 Kg Junior Putra'),
(77, 'Kumite -63 Kg Kadet Putra'),
(78, 'Kumite -67 Kg Senior Putra'),
(79, 'Kumite -68 Kg Junior Putra'),
(80, 'Kumite -75 Kg Senior Putra'),
(81, 'Kumite -76 Kg Junior Putra'),
(82, 'Kumite Perorangan Veteran I Putra'),
(83, 'Kumite Perorangan Veteran II Putra'),
(84, 'Klaten');

-- --------------------------------------------------------

--
-- Table structure for table `kontingen_all`
--

CREATE TABLE IF NOT EXISTS `kontingen_all` (
  `id_kontingen` int(11) NOT NULL,
  `isi_kontingen` varchar(100) NOT NULL
) ENGINE=InnoDB AUTO_INCREMENT=28 DEFAULT CHARSET=latin1;

--
-- Dumping data for table `kontingen_all`
--

INSERT INTO `kontingen_all` (`id_kontingen`, `isi_kontingen`) VALUES
(2, 'CEPU'),
(4, 'DEMAK'),
(5, 'DOJO LEMKARI KARTASURA'),
(6, 'JEPARA'),
(7, 'KABUPATEN BATANG'),
(8, 'KEBUMEN'),
(9, 'KENDAL'),
(10, 'Klaten'),
(11, 'KUDUS'),
(12, 'LEMKARI BANJARNEGARA'),
(13, 'MAGELANG'),
(14, 'MANDIRI KARATE CLUB'),
(15, 'MIN-NGIJO SRAGEN'),
(16, 'PEKALONGAN'),
(17, 'PPMI AS SALAM SURAKARTA'),
(18, 'PURBALINGGA'),
(19, 'PURWOKERTO-BANYUMAS'),
(20, 'SGR KARATE CLUB SURAKARTA'),
(21, 'SKC'),
(22, 'SKI PAGERUYUNG KENDAL'),
(23, 'SMKN 1 SAWIT'),
(24, 'SRAGEN'),
(25, 'TAYU'),
(26, 'ums');

-- --------------------------------------------------------

--
-- Table structure for table `peserta`
--

CREATE TABLE IF NOT EXISTS `peserta` (
  `id_peserta` int(5) NOT NULL,
  `nama` varchar(50) NOT NULL,
  `id_kontingen` varchar(50) NOT NULL,
  `berat_badan` int(20) NOT NULL,
  `tgl_lahir` date NOT NULL,
  `waktu_input` datetime NOT NULL,
  `perguruan` varchar(50) NOT NULL,
  `jk` varchar(50) NOT NULL,
  `id_kelas` varchar(100) NOT NULL,
  `input_by` varchar(100) NOT NULL
) ENGINE=InnoDB AUTO_INCREMENT=653 DEFAULT CHARSET=latin1;

--
-- Dumping data for table `peserta`
--

INSERT INTO `peserta` (`id_peserta`, `nama`, `id_kontingen`, `berat_badan`, `tgl_lahir`, `waktu_input`, `perguruan`, `jk`, `id_kelas`, `input_by`) VALUES
(1, 'AZRI TIMOERTA SALSABILA', '24', 42, '1998-08-23', '2016-03-24 06:10:24', 'LEMKARI', 'Putra', '62', ''),
(2, 'VERRY ANDRI SAJIWO', '24', 46, '2000-06-14', '2016-03-24 06:10:24', 'LEMKARI', 'Putri', '65', ''),
(3, 'MUHAMMAD ILYAS', '24', 70, '1999-03-27', '2016-03-24 06:10:24', 'LEMKARI', 'Putra', '81', ''),
(4, 'HERNINGTYAS DEWI WIDORETNO', '24', 55, '2000-01-05', '2016-03-24 06:10:24', 'LEMKARI', 'Putra', '39', ''),
(5, 'EVA SUSANTI', '24', 50, '2000-07-22', '2016-03-24 06:10:24', 'LEMKARI', 'Putri', '69', ''),
(6, 'LAILATUL LUFIAH', '24', 54, '2000-08-20', '2016-03-24 06:10:24', 'LEMKARI', 'Putra', '69', ''),
(7, 'RINI SETIANINGSIH', '24', 44, '1997-10-30', '2016-03-24 06:10:24', 'LEMKARI', 'Putra', '71', ''),
(8, 'RESTU PRAMITA HESTI KOMAH', '24', 50, '1999-03-16', '2016-03-24 06:10:24', 'LEMKARI', 'Putra', '67', ''),
(9, 'TAUFIK ARIFAN EFENDI', '24', 51, '2000-07-25', '2016-03-24 06:10:24', 'LEMKARI', 'Putra', '66', ''),
(10, 'CINTA MAHARANI SUHARSONO PUTRI', '24', 42, '2005-03-02', '2016-03-24 06:10:24', 'LEMKARI', 'Putra', '36', ''),
(11, 'ARIP WIRA UTAMA', '24', 34, '2002-05-05', '2016-03-24 06:10:24', 'LEMKARI', 'Putra', '64', ''),
(12, 'AOLINDA TAHARA FA''IZA', '15', 25, '2006-12-03', '2016-03-24 06:10:24', 'LEMKARI', 'Putra', '46', ''),
(13, 'MUHAMMAD DEVA ABDILLAH', '15', 25, '2006-06-26', '2016-03-24 06:10:24', 'LEMKARI', 'Putra', '50', ''),
(14, 'FADILLAH NUR AINNI', '15', 45, '2005-03-03', '2016-03-24 06:10:24', 'LEMKARI', 'Putri', '17', ''),
(15, 'INDANA NAJMU SORAYA', '15', 28, '2004-10-22', '2016-03-24 06:10:24', 'LEMKARI', 'Putri', '17', ''),
(16, 'INDANA NAJMU SORAYA', '15', 28, '2004-10-22', '2016-03-24 06:10:24', 'LEMKARI', 'Putra', '47', ''),
(17, 'SALSABILA AMELIA TIANTIKA', '15', 45, '2004-09-15', '2016-03-24 06:10:24', 'LEMKARI', 'Putri', '29', ''),
(18, 'ADRIAN SAEKETU', '15', 30, '2003-08-03', '2016-03-24 06:10:24', 'LEMKARI', 'Putra', '55', ''),
(19, 'IRFAN HIDAYAT', '15', 34, '2003-03-29', '2016-03-24 06:10:24', 'LEMKARI', 'Putra', '55', ''),
(20, 'AFIF ALKHATAB', '15', 67, '2003-02-19', '2016-03-24 06:10:24', 'LEMKARI', 'Putra', '37', ''),
(21, 'RIZKY BIMA NURCAHYA', '15', 52, '2000-10-30', '2016-03-24 06:10:24', 'LEMKARI', 'Putra', '65', ''),
(22, 'BIMA DWI ANTO NUGROHO', '15', 70, '2001-01-25', '2016-03-24 06:10:24', 'LEMKARI', 'Putra', '42', ''),
(23, 'PUTRI AYU ANGGITA AHMAD', '15', 42, '2003-04-25', '2016-03-24 06:10:24', 'LEMKARI', 'Putra', '35', ''),
(24, 'AFIA HENING RASYIDA', '15', 44, '1999-06-16', '2016-03-24 06:10:24', 'LEMKARI', 'Putra', '62', ''),
(25, 'VIRA RACHMASARI', '15', 63, '1998-09-16', '2016-03-24 06:10:24', 'LEMKARI', 'Putra', '41', ''),
(26, 'EUNIKE NOVITA SAEKETU', '15', 70, '1997-11-14', '2016-03-24 06:10:24', 'LEMKARI', 'Putra', '71', ''),
(27, 'RISKA APRILIYA', '15', 48, '1994-04-07', '2016-03-24 06:10:24', 'LEMKARI', 'Putra', '71', ''),
(28, 'M. NAILUL WAFA', '9', 54, '2000-01-03', '2016-03-24 06:10:24', 'LEMKARI', 'Putri', '73', ''),
(29, 'WISNU WARDHANA SETIYANTO', '9', 54, '1999-11-29', '2016-03-24 06:10:24', 'LEMKARI', 'Putri', '73', ''),
(30, 'SRI DARMAWANTI', '9', 45, '2000-03-27', '2016-03-24 06:10:24', 'LEMKARI', 'Putri', '61', ''),
(31, 'NARA RENDRA RIZAL SETIA MANALU', '9', 19, '2006-08-28', '2016-03-24 06:10:24', 'LEMKARI', 'Putri', '49', ''),
(32, 'MUHAMMAD ARDIKA DESTIAN NUGRAHA', '9', 23, '2005-12-21', '2016-03-24 06:10:24', 'LEMKARI', 'Putra', '49', ''),
(33, 'MUHAMMAD ARDIKA DESTIAN NUGRAHA', '9', 23, '2005-12-22', '2016-03-24 06:10:24', 'LEMKARI', 'Putra', '22', ''),
(34, 'LINTANG KURNIA RAMADHANI', '9', 25, '2006-10-04', '2016-03-24 06:10:24', 'LEMKARI', 'Putra', '45', ''),
(35, 'AURELIA RISQITA ANINDYA DEWANTI', '9', 41, '2006-07-05', '2016-03-24 06:10:24', 'LEMKARI', 'Putri', '27', ''),
(36, 'ARYAPUTRA SATRIA ARDISKA', '9', 32, '2003-11-04', '2016-03-24 06:10:24', 'LEMKARI', 'Putra', '53', ''),
(37, 'HANDIKA YUDISTIRA', '9', 38, '2004-12-22', '2016-03-24 06:10:24', 'LEMKARI', 'Putra', '33', ''),
(38, 'IKNE SEPTIA SARI', '9', 24, '2004-09-23', '2016-03-24 06:10:24', 'LEMKARI', 'Putra', '47', ''),
(39, 'IKNE SEPTIA SARI', '9', 24, '1900-01-23', '2016-03-24 06:10:24', 'LEMKARI', 'Putra', '17', ''),
(40, 'DITA CAHYA PUSPITA', '9', 30, '2003-12-16', '2016-03-24 06:10:24', 'LEMKARI', 'Putri', '29', ''),
(41, 'MUHAMMAD HUSNI FIRDAUS', '9', 34, '2004-11-20', '2016-03-24 06:10:24', 'LEMKARI', 'Putri', '53', ''),
(42, 'PITA ARIFIANI', '9', 36, '2004-03-12', '2016-03-24 06:10:24', 'LEMKARI', 'Putri', '29', ''),
(43, 'MUFIT', '9', 28, '2003-02-18', '2016-03-24 06:10:24', 'LEMKARI', 'Putra', '55', ''),
(44, 'QOYYUM ABDURAHMAN', '9', 30, '2002-12-29', '2016-03-24 06:10:24', 'LEMKARI', 'Putri', '55', ''),
(45, 'BAGUS RIZQIAWAN', '9', 29, '2003-03-01', '2016-03-24 06:10:24', 'LEMKARI', 'Putri', '55', ''),
(46, 'IKE NOVI TRIYANASARI', '9', 23, '2002-11-04', '2016-03-24 06:10:24', 'LEMKARI', 'Putra', '51', ''),
(47, 'NISA RAMADHANI', '9', 37, '2002-11-24', '2016-03-24 06:10:24', 'LEMKARI', 'Putri', '57', ''),
(48, 'FANNY YUNIOR ABDILAH PRATAMA', '9', 52, '2000-07-15', '2016-03-24 06:10:24', 'LEMKARI', 'Putra', '65', ''),
(49, 'DAFFY MUHAMMAD HIFAZ', '9', 29, '2001-10-18', '2016-03-24 06:10:24', 'LEMKARI', 'Putri', '65', ''),
(50, 'ANGGER RESTU BASUNONDO', '9', 60, '2000-04-02', '2016-03-24 06:10:24', 'LEMKARI', 'Putri', '77', ''),
(51, 'IMELDA CHARLY VIA', '9', 45, '2001-01-21', '2016-03-24 06:10:24', 'LEMKARI', 'Putra', '60', ''),
(52, 'MAHARANI KUSUMA PUTRI', '9', 50, '2000-01-16', '2016-03-24 06:10:24', 'LEMKARI', 'Putri', '68', ''),
(53, 'PUTRI PRATAMASARI', '9', 50, '2001-04-11', '2016-03-24 06:10:24', 'LEMKARI', 'Putri', '68', ''),
(54, 'SAHNING DIAH SAPUTRI', '9', 60, '2000-09-11', '2016-03-24 06:10:24', 'LEMKARI', 'Putra', '39', ''),
(55, 'WISNU SETYO AJI ', '9', 49, '1998-08-03', '2016-03-24 06:10:24', 'LEMKARI', 'Putra', '70', ''),
(56, 'MUKHAMAD NUR HABIB FIRDAUS', '9', 51, '1998-01-09', '2016-03-24 06:10:24', 'LEMKARI', 'Putri', '70', ''),
(57, 'ANANDITYA RESTU', '9', 60, '1998-06-07', '2016-03-24 06:10:24', 'LEMKARI', 'Putra', '76', ''),
(58, 'ANANDITYA RESTU', '9', 60, '1998-06-08', '2016-03-24 06:10:24', 'LEMKARI', 'Putri', '7', ''),
(59, 'NUR CHAKIKI RAMADIANSYAH', '9', 68, '1998-12-29', '2016-03-24 06:10:24', 'LEMKARI', 'Putra', '81', ''),
(60, 'HILDA SAFITRI', '9', 44, '1999-10-18', '2016-03-24 06:10:24', 'LEMKARI', 'Putri', '62', ''),
(62, 'ADITYA SETIASIH ', '9', 53, '1998-12-26', '2016-03-24 06:10:24', 'LEMKARI', 'Putra', '67', ''),
(63, 'FEBRI SULISTYOWATI', '9', 58, '1998-02-03', '2016-03-24 06:10:24', 'LEMKARI', 'Putra', '74', ''),
(64, 'SURANI ', '9', 47, '1996-06-06', '2016-03-24 06:10:24', 'LEMKARI', 'Putri', '75', ''),
(65, 'TUHFAH', '9', 41, '1995-12-23', '2016-03-24 06:10:24', 'LEMKARI', 'Putri', '71', ''),
(66, 'AFIF FACHRUR', '9', 63, '1997-07-25', '2016-03-24 06:10:24', 'LEMKARI', 'Putra', '78', ''),
(67, 'SUKOMERMO', '9', 34, '1970-04-05', '2016-03-24 06:10:24', 'LEMKARI', 'Putri', '83', ''),
(68, 'NAUFAL DZAKI', '20', 69, '1999-10-14', '2016-03-24 06:10:24', 'LEMKARI', 'Putra', '81', ''),
(69, 'MUHAMMAD HAFIDZ ASSIDDIQ ', '20', 81, '2000-01-16', '2016-03-24 06:10:24', 'LEMKARI', 'Putri', '42', ''),
(70, 'SURYA RASA SEJATI', '20', 61, '2000-03-20', '2016-03-24 06:10:24', 'LEMKARI', 'Putra', '43', ''),
(71, 'BOBY NARIYANTO SAPUTRA', '20', 49, '1999-09-04', '2016-03-24 06:10:24', 'LEMKARI', 'Putra', '70', ''),
(72, 'NAFIS WIYAN IBNU RIZALDI', '20', 47, '1999-12-17', '2016-03-24 06:10:24', 'LEMKARI', 'Putra', '7', ''),
(73, 'NAFIS WIYAN IBNU RIZALDI', '20', 47, '1999-12-17', '2016-03-24 06:10:24', 'LEMKARI', 'Putra', '70', ''),
(74, 'ILHAM RIDWAN SANTOSO', '20', 61, '1998-03-06', '2016-03-24 06:10:24', 'LEMKARI', 'Putri', '76', ''),
(75, 'EVA HIDAYANA', '20', 51, '1999-07-07', '2016-03-24 06:10:24', 'LEMKARI', 'Putra', '2', ''),
(76, 'NOVENDA HIJRAH NUGRAHENI PRAMUKTI', '20', 42, '1998-11-01', '2016-03-24 06:10:24', 'LEMKARI', 'Putri', '2', ''),
(77, 'WIRANTHI ATIKHA SYURI', '20', 63, '1999-02-27', '2016-03-24 06:10:24', 'LEMKARI', 'Putri', '2', ''),
(78, 'WIRANTHI ATIKHA SYURI', '20', 63, '1999-02-27', '2016-03-24 06:10:24', 'LEMKARI', 'Putri', '41', ''),
(79, 'NANDADARYSHA', '20', 51, '1999-05-18', '2016-03-24 06:10:24', 'LEMKARI', 'Putri', '67', ''),
(80, 'YANUAR EKA MILLENIAWAN', '20', 78, '2000-01-22', '2016-03-24 06:10:24', 'LEMKARI', 'Putra', '43', ''),
(81, 'DHINA GANDHINI', '20', 46, '1999-02-26', '2016-03-24 06:10:24', 'LEMKARI', 'Putra', '62', ''),
(82, 'HENY SETYANINGSIH', '20', 52, '1997-10-02', '2016-03-24 06:10:24', 'LEMKARI', 'Putri', '71', ''),
(83, 'ARUM RUJIATI', '20', 49, '1998-07-11', '2016-03-24 06:10:24', 'LEMKARI', 'Putri', '67', ''),
(84, 'ARIZQA ULFA PUTRIYANI', '20', 43, '1996-09-02', '2016-03-24 06:10:24', 'LEMKARI', 'Putra', '71', ''),
(85, 'MUHAMMAD PRASETYO', '20', 86, '1996-02-12', '2016-03-24 06:10:24', 'LEMKARI', 'Putra', '20', ''),
(86, 'MUHAMMAD PRASETYO', '20', 86, '1996-02-12', '2016-03-24 06:10:24', 'LEMKARI', 'Putri', '44', ''),
(87, 'YULIANA PURNAMA SARI', '25', 52, '2005-07-14', '2016-03-24 06:10:24', 'LEMKARI', 'Putri', '29', ''),
(88, 'HANGGAR APRILYA', '25', 50, '2000-04-21', '2016-03-24 06:10:24', 'LEMKARI', 'Putra', '69', ''),
(89, 'DYAH AYU RETNO WULAN', '25', 54, '2000-05-18', '2016-03-24 06:10:24', 'LEMKARI', 'Putra', '69', ''),
(90, 'ADITA AYU SETYOWATI', '25', 55, '2000-02-26', '2016-03-24 06:10:24', 'LEMKARI', 'Putra', '81', ''),
(91, 'ROSALINDA NURLIZAWANTI', '25', 43, '1999-11-29', '2016-03-24 06:10:24', 'LEMKARI', 'Putra', '61', ''),
(92, 'CHELLY MAHARDIKA PUTRI', '25', 45, '1999-04-07', '2016-03-24 06:10:24', 'LEMKARI', 'Putri', '61', ''),
(93, 'MIR''ATUTS TSANIYYATUL MUNAA', '25', 48, '1999-11-18', '2016-03-24 06:10:24', 'LEMKARI', 'Putra', '69', ''),
(94, 'UKI KARTIKA SARI', '25', 54, '1999-02-18', '2016-03-24 06:10:24', 'LEMKARI', 'Putra', '68', ''),
(95, 'NABELLA LARAS SAFITRI', '25', 55, '1999-01-28', '2016-03-24 06:10:24', 'LEMKARI', 'Putri', '39', ''),
(96, 'ATIQOH NOVITA SARI', '25', 53, '1999-11-15', '2016-03-24 06:10:24', 'LEMKARI', 'Putra', '68', ''),
(97, 'AHMAD SHOFI''I', '25', 68, '1999-07-05', '2016-03-24 06:10:24', 'LEMKARI', 'Putri', '79', ''),
(98, 'ROHMAD SA''TORI', '25', 54, '1999-10-25', '2016-03-24 06:10:24', 'LEMKARI', 'Putri', '70', ''),
(99, 'EKA SRI MURYANI', '25', 50, '1998-01-07', '2016-03-24 06:10:24', 'LEMKARI', 'Putra', '67', ''),
(100, 'DIANA PUSPITASARI', '25', 51, '1998-05-02', '2016-03-24 06:10:24', 'LEMKARI', 'Putra', '67', ''),
(101, 'OKTAFIA MURITA RAHMAWATI', '25', 55, '1998-10-23', '2016-03-24 06:10:24', 'LEMKARI', 'Putri', '74', ''),
(102, 'SRI WAHYUNIHSIH', '25', 58, '1987-04-26', '2016-03-24 06:10:24', 'LEMKARI', 'Putra', '74', ''),
(103, 'GRACIA VANYA', '18', 59, '2007-06-11', '2016-03-24 06:10:24', 'LEMKARI', 'Putra', '25', ''),
(104, 'VIORENTINO JULIFIA NURMAFIANTO', '18', 30, '2003-06-05', '2016-03-24 06:10:24', 'LEMKARI', 'Putri', '3', ''),
(105, 'VIORENTINO JULIFIA NURMAFIANTO', '18', 30, '2003-06-05', '2016-03-24 06:10:24', 'LEMKARI', 'Putra', '55', ''),
(106, 'VIORENTINO JULIFIA NURMAFIANTO', '18', 30, '2003-06-05', '2016-03-24 06:10:24', 'LEMKARI', 'Putra', '11', ''),
(107, 'ARDEN HABIBULLAH', '18', 37, '2004-06-05', '2016-03-24 06:10:24', 'LEMKARI', 'Putri', '3', ''),
(108, 'ARDEN HABIBULLAH', '18', 37, '2004-06-05', '2016-03-24 06:10:24', 'LEMKARI', 'Putri', '11', ''),
(109, 'JANNAT HASBILLAH ROYAN ASAGAM', '18', 43, '2005-06-21', '2016-03-24 06:10:24', 'LEMKARI', 'Putra', '3', ''),
(110, 'JANNAT HASBILLAH ROYAN ASAGAM', '18', 43, '2005-06-21', '2016-03-24 06:10:24', 'LEMKARI', 'Putri', '65', ''),
(111, 'JANNAT HASBILLAH ROYAN ASAGAM', '18', 43, '2005-06-21', '2016-03-24 06:10:24', 'LEMKARI', 'Putra', '9', ''),
(112, 'KHARISMA ASMARANI', '11', 61, '2000-08-12', '2016-03-24 06:10:24', 'LEMKARI', 'Putra', '39', ''),
(113, 'KHARISMA ASMARANI', '11', 61, '2000-08-12', '2016-03-24 06:10:24', 'LEMKARI', 'Putra', '10', ''),
(114, 'KHARISMA ASMARANI', '11', 61, '2000-08-12', '2016-03-24 06:10:24', 'LEMKARI', 'Putri', '4', ''),
(115, 'LUTFIA AGUSTINA RISTIYANI', '11', 50, '2000-08-13', '2016-03-24 06:10:24', 'LEMKARI', 'Putra', '68', ''),
(116, 'LUTFIA AGUSTINA RISTIYANI', '11', 50, '2000-08-13', '2016-03-24 06:10:24', 'LEMKARI', 'Putri', '10', ''),
(117, 'LUTFIA AGUSTINA RISTIYANI', '11', 50, '2000-08-13', '2016-03-24 06:10:24', 'LEMKARI', 'Putri', '4', ''),
(118, 'RISZA AULIA ANINDHITA', '11', 41, '2002-12-15', '2016-03-24 06:10:24', 'LEMKARI', 'Putra', '35', ''),
(119, 'RISZA AULIA ANINDHITA', '11', 41, '2002-12-15', '2016-03-24 06:10:24', 'LEMKARI', 'Putra', '13', ''),
(120, 'RISZA AULIA ANINDHITA', '11', 41, '2002-12-15', '2016-03-24 06:10:24', 'LEMKARI', 'Putri', '4', ''),
(121, 'RAHARDIAN SATRIA PRAMUDITA', '11', 44, '2002-08-24', '2016-03-24 06:10:24', 'LEMKARI', 'Putri', '58', ''),
(122, 'RAHARDIAN SATRIA PRAMUDITA', '11', 44, '2002-08-24', '2016-03-24 06:10:24', 'LEMKARI', 'Putri', '11', ''),
(123, 'LATHIFUL KHAIRUR RASYID G.S', '11', 35, '2005-08-21', '2016-03-24 06:10:24', 'LEMKARI', 'Putra', '33', ''),
(124, 'LATHIFUL KHAIRUR RASYID G.S', '11', 35, '2005-08-21', '2016-03-24 06:10:24', 'LEMKARI', 'Putri', '15', ''),
(125, 'MUHAMMAD DZAKA HIBATULLAH', '11', 34, '2006-01-03', '2016-03-24 06:10:24', 'LEMKARI', 'Putri', '31', ''),
(126, 'MUHAMMAD DZAKA HIBATULLAH', '11', 34, '2006-01-03', '2016-03-24 06:10:24', 'LEMKARI', 'Putra', '22', ''),
(127, 'YUNITA INDRIYANI KURNIA', '11', 27, '2006-06-01', '2016-03-24 06:10:24', 'LEMKARI', 'Putra', '24', ''),
(128, 'YUNITA INDRIYANI KURNIA', '11', 27, '2006-06-01', '2016-03-24 06:10:24', 'LEMKARI', 'Putri', '27', ''),
(129, 'RAGIL BAGUS HARIYANTO', '11', 47, '2007-07-30', '2016-03-24 06:10:24', 'LEMKARI', 'Putra', '65', ''),
(130, 'MUHAMMAD KHOLIF', '11', 49, '2001-06-06', '2016-03-24 06:10:24', 'LEMKARI', 'Putra', '65', ''),
(131, 'MUHAMMAD SIGID', '11', 35, '2003-07-30', '2016-03-24 06:10:24', 'LEMKARI', 'Putri', '55', ''),
(132, 'LUINA SHOFIYA AZZAHRA', '11', 45, '2001-02-08', '2016-03-24 06:10:24', 'LEMKARI', 'Putra', '60', ''),
(133, 'ERINA YOWITA PRABAWATI', '11', 57, '2001-09-06', '2016-03-24 06:10:24', 'LEMKARI', 'Putri', '39', ''),
(134, 'DAVE KUKUH PRASANTYO NUGROHO', '11', 26, '2005-08-01', '2016-03-24 06:10:24', 'LEMKARI', 'Putri', '53', ''),
(135, 'CHOIRUL MUNAWAROH', '11', 56, '1999-02-11', '2016-03-24 06:10:24', 'LEMKARI', 'Putri', '74', ''),
(136, 'RAHMA DESI ANDRAINI', '11', 52, '1998-12-31', '2016-03-24 06:10:24', 'LEMKARI', 'Putra', '67', ''),
(137, 'SANIA SEPTIANI', '11', 36, '1998-09-05', '2016-03-24 06:10:24', 'LEMKARI', 'Putri', '62', ''),
(138, 'HELMI AINUN NA''IM', '11', 67, '1992-04-17', '2016-03-24 06:10:24', 'LEMKARI', 'Putra', '78', ''),
(139, 'ABDUL HARIS', '11', 80, '1973-11-21', '2016-03-24 06:10:24', 'LEMKARI', 'Putri', '83', ''),
(140, 'ABDUL HARIS', '11', 80, '1973-11-21', '2016-03-24 06:10:24', 'LEMKARI', 'Putra', '26', ''),
(141, 'MUHAMMAD TAUFIQ', '11', 70, '1973-11-21', '2016-03-24 06:10:24', 'LEMKARI', 'Putra', '82', ''),
(142, 'MUHAMMAD ROY PRASETYO', '11', 25, '2005-07-20', '2016-03-24 06:10:24', 'LEMKARI', 'Putri', '54', ''),
(143, 'RIFQI ARIYANTO', '11', 35, '2004-03-16', '2016-03-24 06:10:24', 'LEMKARI', 'Putri', '34', ''),
(144, 'NASYIFUDDIN AL A''LA', '11', 50, '2001-03-04', '2016-03-24 06:10:24', 'LEMKARI', 'Putri', '66', ''),
(145, 'SATRIO WANYA N', '11', 38, '2002-10-09', '2016-03-24 06:10:24', 'LEMKARI', 'Putri', '56', ''),
(146, 'AMELIA NURUL P', '11', 43, '2002-12-01', '2016-03-24 06:10:24', 'LEMKARI', 'Putra', '36', ''),
(147, 'BAGUS PANGESTU NOOR HIDAYATULLOH', '11', 35, '2002-03-29', '2016-03-24 06:10:24', 'LEMKARI', 'Putra', '54', ''),
(148, 'BAGUS PANGESTU NOOR HIDAYATULLOH', '11', 35, '2002-03-29', '2016-03-24 06:10:24', 'LEMKARI', 'Putra', '16', ''),
(149, 'DWI ATMAJA PUJA R', '11', 61, '2002-05-07', '2016-03-24 06:10:24', 'LEMKARI', 'Putra', '38', ''),
(150, 'DWI ATMAJA PUJA R', '11', 61, '2002-05-07', '2016-03-24 06:10:24', 'LEMKARI', 'Putri', '12', ''),
(151, 'TRIA MALICHATUN NIDA', '11', 39, '2002-08-27', '2016-03-24 06:10:24', 'LEMKARI', 'Putra', '36', ''),
(152, 'TRIA MALICHATUN NIDA', '11', 35, '2002-08-27', '2016-03-24 06:10:24', 'LEMKARI', 'Putri', '14', ''),
(153, 'WULANDARI DWISULISTYOWATI', '5', 43, '2001-09-01', '2016-03-24 06:10:24', 'LEMKARI', 'Putri', '60', ''),
(154, 'ELSA PUTRI YANTI', '5', 49, '2001-05-05', '2016-03-24 06:10:24', 'LEMKARI', 'Putra', '68', ''),
(155, 'MUHAMMAD GHUFRON MUSTNAFA', '5', 67, '2000-09-26', '2016-03-24 06:10:24', 'LEMKARI', 'Putri', '42', ''),
(156, 'CALISTA ANANDA YUDI KUSUMA', '5', 38, '1999-11-19', '2016-03-24 06:10:24', 'LEMKARI', 'Putri', '62', ''),
(157, 'MUZAYANAH MUNAWAROH', '5', 67, '1999-12-05', '2016-03-24 06:10:24', 'LEMKARI', 'Putra', '41', ''),
(158, 'ARIF FUDIN NOOR ROCHMAT', '5', 55, '1998-06-20', '2016-03-24 06:10:24', 'LEMKARI', 'Putra', '70', ''),
(159, 'LUTFAN PARWITTO ADI', '5', 58, '1998-12-16', '2016-03-24 06:10:24', 'LEMKARI', 'Putri', '76', ''),
(160, 'R.BRE NARASINGAMURTI MAHENDRATA', '5', 95, '1999-01-28', '2016-03-24 06:10:24', 'LEMKARI', 'Putra', '71', ''),
(161, 'KENZHA OMAR JAYAD SATRIA', '7', 51, '2004-03-30', '2016-03-24 06:10:24', 'LEMKARI', 'Putra', '34', ''),
(162, 'FALA DIVA', '7', 27, '2005-04-29', '2016-03-24 06:10:24', 'LEMKARI', 'Putra', '48', ''),
(163, 'MERRY ROSITALIA', '7', 61, '2004-06-30', '2016-03-24 06:10:24', 'LEMKARI', 'Putra', '30', ''),
(164, 'ZEVIANA MELINDA', '7', 49, '2001-09-18', '2016-03-24 06:10:24', 'LEMKARI', 'Putra', '69', ''),
(165, 'FAJAR PRADANA', '7', 61, '2000-08-28', '2016-03-24 06:10:24', 'LEMKARI', 'Putra', '77', ''),
(166, 'ILHAM FIKI ARIF', '7', 50, '1999-03-24', '2016-03-24 06:10:24', 'LEMKARI', 'Putri', '70', ''),
(167, 'KUKUH PRAYOGA', '7', 75, '1991-09-12', '2016-03-24 06:10:24', 'LEMKARI', 'Putri', '80', ''),
(168, 'BAGAS SATRIO ALIYUDIN', '7', 35, '2002-07-10', '2016-03-24 06:10:24', 'LEMKARI', 'Putra', '55', ''),
(169, 'GHIFARY AKMAL PRIMASTAWAN', '7', 31, '2003-02-15', '2016-03-24 06:10:24', 'LEMKARI', 'Putri', '56', ''),
(170, 'CUCU RIDA YUSETIAWAN', '7', 50, '1999-01-19', '2016-03-24 06:10:24', 'LEMKARI', 'Putri', '70', ''),
(171, 'ARDELLE STINA AABIDAH', '16', 24, '2007-05-21', '2016-03-24 06:10:24', 'LEMKARI', 'Putri', '45', ''),
(172, 'ARDELLE STINA AABIDAH', '16', 24, '2007-05-21', '2016-03-24 06:10:24', 'LEMKARI', 'Putra', '24', ''),
(173, 'MUHAMMAD ARJUN NAJAH', '16', 60, '2001-05-01', '2016-03-24 06:10:24', 'LEMKARI', 'Putri', '77', ''),
(174, 'FADLILIANA MUNTAZ SYARIFAH', '16', 55, '2000-02-24', '2016-03-24 06:10:24', 'LEMKARI', 'Putri', '39', ''),
(175, 'TEGAR DIMAS SETIAJI', '16', 49, '1999-12-02', '2016-03-24 06:10:24', 'LEMKARI', 'Putri', '65', ''),
(176, 'CEMPAKA NUR FATIMAH', '16', 47, '1999-08-10', '2016-03-24 06:10:24', 'LEMKARI', 'Putra', '8', ''),
(177, 'CEMPAKA NUR FATIMAH', '16', 47, '1999-08-10', '2016-03-24 06:10:24', 'LEMKARI', 'Putri', '62', ''),
(178, 'NUR MAKHABAH', '16', 54, '1998-11-15', '2016-03-24 06:10:24', 'LEMKARI', 'Putra', '8', ''),
(179, 'NUR MAKHABAH', '16', 54, '1998-11-15', '2016-03-24 06:10:24', 'LEMKARI', 'Putra', '74', ''),
(180, 'DWANI DELTANIA', '16', 49, '1999-05-31', '2016-03-24 06:10:24', 'LEMKARI', 'Putra', '67', ''),
(181, 'AZIZ HARYANTO', '16', 41, '1997-09-14', '2016-03-24 06:10:24', 'LEMKARI', 'Putri', '20', ''),
(182, 'AZIZ HARYANTO', '16', 41, '1997-09-14', '2016-03-24 06:10:24', 'LEMKARI', 'Putra', '75', ''),
(183, 'DARUS INDRA SETYAWAN', '16', 60, '1992-02-21', '2016-03-24 06:10:24', 'LEMKARI', 'Putra', '78', ''),
(184, 'ARYO DARYO', '16', 67, '1979-07-13', '2016-03-24 06:10:24', 'LEMKARI', 'Putra', '20', ''),
(185, 'ARYO DARYO', '16', 50, '1979-07-13', '2016-03-24 06:10:24', 'LEMKARI', 'Putri', '82', ''),
(186, 'NAZWA ZAHROTUS SITA', '14', 20, '2007-11-29', '2016-03-24 06:10:24', 'LEMKARI', 'Putra', '25', ''),
(187, 'NAZWA ZAHROTUS SITA', '14', 21, '2007-11-29', '2016-03-24 06:10:24', 'LEMKARI', 'Putra', '46', ''),
(188, 'VICKO RAMA DAVI', '14', 23, '2007-11-24', '2016-03-24 06:10:24', 'LEMKARI', 'Putri', '50', ''),
(189, 'ACHMAD ZIDAN FACHRURROZI', '14', 32, '2005-10-02', '2016-03-24 06:10:24', 'LEMKARI', 'Putra', '5', ''),
(190, 'ACHMAD ZIDAN FACHRURROZI', '14', 32, '2005-10-02', '2016-03-24 06:10:24', 'LEMKARI', 'Putra', '15', ''),
(191, 'DAVIQ NAZRIL ISLAMY', '14', 26, '2007-07-09', '2016-03-24 06:10:24', 'LEMKARI', 'Putri', '22', ''),
(192, 'DAVIQ NAZRIL ISLAMY', '14', 26, '2007-07-09', '2016-03-24 06:10:24', 'LEMKARI', 'Putra', '5', ''),
(193, 'DAVIQ NAZRIL ISLAMY', '14', 26, '2007-07-09', '2016-03-24 06:10:24', 'LEMKARI', 'Putra', '49', ''),
(194, 'DHEVANGGA NICKOLAS ADHI WIJAYA', '14', 34, '2006-03-30', '2016-03-24 06:10:24', 'LEMKARI', 'Putri', '22', ''),
(195, 'REVALDO LINGGAR JEFFRIANTO', '14', 45, '2006-03-20', '2016-03-24 06:10:24', 'LEMKARI', 'Putra', '31', ''),
(196, 'I''TISHAM FAUZITAMA GUNAWAN', '14', 40, '2006-03-01', '2016-03-24 06:10:24', 'LEMKARI', 'Putri', '22', ''),
(197, 'I''TISHAM FAUZITAMA GUNAWAN', '14', 40, '2006-03-01', '2016-03-24 06:10:24', 'LEMKARI', 'Putri', '5', ''),
(198, 'I''TISHAM FAUZITAMA GUNAWAN', '14', 40, '2006-03-01', '2016-03-24 06:10:24', 'LEMKARI', 'Putra', '31', ''),
(199, 'ANNIDA KARIMA', '14', 23, '2006-05-07', '2016-03-24 06:10:24', 'LEMKARI', 'Putra', '24', ''),
(200, 'ANNIDA KARIMA', '14', 23, '2006-05-07', '2016-03-24 06:10:24', 'LEMKARI', 'Putri', '45', ''),
(201, 'FIRELA PUTRI DIVARANITA', '14', 28, '2005-05-05', '2016-03-24 06:10:24', 'LEMKARI', 'Putra', '24', ''),
(202, 'FIRELA PUTRI DIVARANITA', '14', 28, '2005-05-05', '2016-03-24 06:10:24', 'LEMKARI', 'Putri', '27', ''),
(203, 'YUNAN FAHRIJAL DIANDRA PUTRA', '14', 26, '2003-06-11', '2016-03-24 06:10:24', 'LEMKARI', 'Putri', '53', ''),
(204, 'NUZUL YASA FAIRUZ APTA MABRUR', '14', 31, '2004-04-08', '2016-03-24 06:10:24', 'LEMKARI', 'Putra', '5', ''),
(205, 'NUZUL YASA FAIRUZ APTA MABRUR', '14', 31, '2004-04-08', '2016-03-24 06:10:24', 'LEMKARI', 'Putra', '15', ''),
(206, 'NUZUL YASA FAIRUZ APTA MABRUR', '14', 31, '2004-04-08', '2016-03-24 06:10:24', 'LEMKARI', 'Putri', '53', ''),
(207, 'ALDO ALLAN WICAKSONO', '14', 35, '2004-12-06', '2016-03-24 06:10:24', 'LEMKARI', 'Putri', '15', ''),
(208, 'ALDO ALLAN WICAKSONO', '14', 35, '2004-12-06', '2016-03-24 06:10:24', 'LEMKARI', 'Putra', '5', ''),
(209, 'REZA ARDANA', '14', 25, '2004-08-03', '2016-03-24 06:10:24', 'LEMKARI', 'Putra', '53', ''),
(210, 'KHOIRUL UMAM MUHZHORI', '14', 30, '2004-08-19', '2016-03-24 06:10:24', 'LEMKARI', 'Putra', '15', ''),
(211, 'KHOIRUL UMAM MUHZHORI', '14', 30, '2004-08-19', '2016-03-24 06:10:24', 'LEMKARI', 'Putri', '53', ''),
(212, 'KHOIRUL UMAM MUHZHORI', '14', 30, '2004-08-19', '2016-03-24 06:10:24', 'LEMKARI', 'Putra', '5', ''),
(213, 'SALMA AYU ZAKIYAH', '14', 38, '2004-10-27', '2016-03-24 06:10:24', 'LEMKARI', 'Putra', '17', ''),
(214, 'SALMA AYU ZAKIYAH', '14', 38, '2004-10-27', '2016-03-24 06:10:24', 'LEMKARI', 'Putra', '29', ''),
(215, 'ELFANDA FARHANTIA SURY', '14', 44, '2002-01-16', '2016-03-24 06:10:24', 'LEMKARI', 'Putri', '11', ''),
(216, 'ELFANDA FARHANTIA SURY', '14', 44, '2002-01-16', '2016-03-24 06:10:24', 'LEMKARI', 'Putra', '3', ''),
(217, 'ELFANDA FARHANTIA SURY', '14', 44, '2002-01-16', '2016-03-24 06:10:24', 'LEMKARI', 'Putri', '58', ''),
(218, 'BAGAS RAHESA ADITAMA', '14', 30, '2002-02-12', '2016-03-24 06:10:24', 'LEMKARI', 'Putri', '11', ''),
(219, 'BAGAS RAHESA ADITAMA', '14', 30, '2002-02-12', '2016-03-24 06:10:24', 'LEMKARI', 'Putra', '3', ''),
(220, 'BAGAS RAHESA ADITAMA', '14', 30, '2002-02-12', '2016-03-24 06:10:24', 'LEMKARI', 'Putra', '55', ''),
(221, 'DEEVANA HERAWATI', '14', 50, '2001-10-21', '2016-03-24 06:10:24', 'LEMKARI', 'Putra', '35', ''),
(222, 'TEGAR FITRIYANTO', '14', 45, '2000-12-27', '2016-03-24 06:10:24', 'LEMKARI', 'Putra', '9', ''),
(223, 'TEGAR FITRIYANTO', '14', 45, '2000-12-27', '2016-03-24 06:10:24', 'LEMKARI', 'Putra', '3', ''),
(224, 'TEGAR FITRIYANTO', '14', 45, '2000-12-27', '2016-03-24 06:10:24', 'LEMKARI', 'Putri', '65', ''),
(225, 'FAZANISA ZULFA IZZATI', '14', 51, '2000-08-29', '2016-03-24 06:10:24', 'LEMKARI', 'Putri', '68', ''),
(226, 'DICKY FRAGIESTY RAMA ANDREA', '14', 45, '1997-05-16', '2016-03-24 06:10:24', 'LEMKARI', 'Putra', '7', ''),
(227, 'DICKY FRAGIESTY RAMA ANDREA', '14', 45, '1997-05-16', '2016-03-24 06:10:24', 'LEMKARI', 'Putra', '70', ''),
(228, 'ERA SEPTIYANI', '14', 55, '1998-09-12', '2016-03-24 06:10:24', 'LEMKARI', 'Putri', '8', ''),
(229, 'ERA SEPTIYANI', '14', 55, '1998-09-12', '2016-03-24 06:10:24', 'LEMKARI', 'Putra', '74', ''),
(230, 'TEGAR LINTANG WAHYUDI', '22', 29, '2005-12-14', '2016-03-24 06:10:24', 'LEMKARI', 'Putri', '49', ''),
(231, 'TIAS DWI KURNIAWATI', '22', 48, '2001-05-16', '2016-03-24 06:10:24', 'LEMKARI', 'Putra', '68', ''),
(232, 'AYU WIDIANINGSIH', '22', 38, '2002-10-28', '2016-03-24 06:10:24', 'LEMKARI', 'Putri', '57', ''),
(233, 'KURNIA DEWI KUSUMAWATI', '22', 48, '1998-06-19', '2016-03-24 06:10:24', 'LEMKARI', 'Putri', '62', ''),
(234, 'JOKO WAHYUDI', '22', 48, '1998-06-19', '2016-03-24 06:10:24', 'LEMKARI', 'Putra', '83', ''),
(235, 'INDAH KURNIAWATI', '4', 43, '2001-07-10', '2016-03-24 06:10:24', 'LEMKARI', 'Putra', '61', ''),
(236, 'FATHIN SYEILLA MUNA', '4', 33, '2003-01-10', '2016-03-24 06:10:24', 'LEMKARI', 'Putri', '52', ''),
(237, 'ZUSROTUN NI''MAH', '4', 45, '1999-11-28', '2016-03-24 06:10:24', 'LEMKARI', 'Putra', '60', ''),
(238, 'KUNTI MAWARDATUN NISA''', '4', 29, '2003-07-01', '2016-03-24 06:10:24', 'LEMKARI', 'Putra', '51', ''),
(239, 'MISHBAHUS SURUR', '4', 29, '2002-08-01', '2016-03-24 06:10:24', 'LEMKARI', 'Putra', '55', ''),
(240, 'ALVIANI DYAH RAHMAWATI', '4', 50, '1999-06-04', '2016-03-24 06:10:24', 'LEMKARI', 'Putra', '67', ''),
(241, 'AHMAD BAHRUR ROZAQ', '4', 45, '1999-06-27', '2016-03-24 06:10:24', 'LEMKARI', 'Putri', '70', ''),
(242, 'SURURUN', '4', 34, '1979-12-09', '2016-03-24 06:10:24', 'LEMKARI', 'Putri', '82', ''),
(243, 'ELI RAHMAWATI', '4', 35, '2002-01-01', '2016-03-24 06:10:24', 'LEMKARI', 'Putra', '51', ''),
(244, 'FATKHUL JANAH', '4', 41, '1997-11-07', '2016-03-24 06:10:24', 'LEMKARI', 'Putra', '62', ''),
(245, 'NASWA AULIA WAHYU AJI', '8', 27, '2003-10-03', '2016-03-24 06:10:24', 'LEMKARI', 'Putra', '47', ''),
(246, 'NASWA AULIA WAHYU AJI', '8', 27, '2003-10-03', '2016-03-24 06:10:24', 'LEMKARI', 'Putri', '17', ''),
(247, 'NASWA AULIA WAHYU AJI', '8', 27, '2003-10-03', '2016-03-24 06:10:24', 'LEMKARI', 'Putra', '6', ''),
(248, 'BIMO RINDRA ARDIAN', '8', 33, '2004-04-29', '2016-03-24 06:10:24', 'LEMKARI', 'Putra', '53', ''),
(249, 'BIMO RINDRA ARDIAN', '8', 33, '2004-04-29', '2016-03-24 06:10:24', 'LEMKARI', 'Putra', '15', ''),
(250, 'NALA SYAHRANI', '8', 30, '2005-07-27', '2016-03-24 06:10:24', 'LEMKARI', 'Putra', '47', ''),
(251, 'NALA SYAHRANI', '8', 30, '2005-07-27', '2016-03-24 06:10:24', 'LEMKARI', 'Putra', '17', ''),
(252, 'NALA SYAHRANI', '8', 30, '2005-07-27', '2016-03-24 06:10:24', 'LEMKARI', 'Putra', '6', ''),
(253, 'NAJWA KHOIRUNNISA SUBEKTI', '8', 40, '2004-03-19', '2016-03-24 06:10:24', 'LEMKARI', 'Putra', '29', ''),
(254, 'NAJWA KHOIRUNNISA SUBEKTI', '8', 40, '2004-03-19', '2016-03-24 06:10:24', 'LEMKARI', 'Putri', '17', ''),
(255, 'NAJWA KHOIRUNNISA SUBEKTI', '8', 40, '2004-03-19', '2016-03-24 06:10:24', 'LEMKARI', 'Putri', '6', ''),
(256, 'PASYA FABILLAH KUMITE', '8', 47, '2000-12-09', '2016-03-24 06:10:24', 'LEMKARI', 'Putri', '65', ''),
(257, 'AKBAR ADI PRANATA', '8', 65, '2000-12-27', '2016-03-24 06:10:24', 'LEMKARI', 'Putra', '42', ''),
(258, 'SOLEHUN', '8', 35, '2001-11-13', '2016-03-24 06:10:24', 'LEMKARI', 'Putri', '56', ''),
(259, 'ARIF RANDITYA FAHREZI', '8', 26, '2006-05-30', '2016-03-24 06:10:24', 'LEMKARI', 'Putra', '50', ''),
(260, 'LAELY RAHMA ZAHRAH', '8', 27, '2006-06-01', '2016-03-24 06:10:24', 'LEMKARI', 'Putri', '25', ''),
(261, 'LAELY RAHMA ZAHRAH', '8', 27, '2006-06-01', '2016-03-24 06:10:24', 'LEMKARI', 'Putra', '28', ''),
(262, 'FITRIA RAHAJENG AYUNINGTYAS', '8', 33, '2005-01-16', '2016-03-24 06:10:24', 'LEMKARI', 'Putra', '18', ''),
(263, 'FITRIA RAHAJENG AYUNINGTYAS', '8', 33, '2005-01-16', '2016-03-24 06:10:24', 'LEMKARI', 'Putri', '30', ''),
(264, 'ARKAN DHIA NURIL PRATITIS', '8', 28, '2003-01-16', '2016-03-24 06:10:24', 'LEMKARI', 'Putra', '14', ''),
(265, 'ARKAN DHIA NURIL PRATITIS', '8', 28, '2003-01-16', '2016-03-24 06:10:24', 'LEMKARI', 'Putra', '52', ''),
(266, 'HAMBARA SULTONI', '8', 32, '2003-01-28', '2016-03-24 06:10:24', 'LEMKARI', 'Putri', '56', ''),
(267, 'KAREN NASYWA BELLA ANANDA', '8', 41, '2005-09-11', '2016-03-24 06:10:24', 'LEMKARI', 'Putra', '18', ''),
(268, 'KAREN NASYWA BELLA ANANDA', '8', 41, '2005-09-11', '2016-03-24 06:10:24', 'LEMKARI', 'Putra', '30', ''),
(269, 'ARIF PRASETYO', '8', 37, '2003-07-30', '2016-03-24 06:10:24', 'LEMKARI', 'Putri', '56', ''),
(270, 'NADHA AL FATHIAR', '8', 37, '2003-09-24', '2016-03-24 06:10:24', 'LEMKARI', 'Putri', '56', ''),
(271, 'RIO EGA YULASTA', '8', 54, '2005-03-05', '2016-03-24 06:10:24', 'LEMKARI', 'Putra', '34', ''),
(272, 'INDRA RAHMAWAN', '6', 63, '1998-04-22', '2016-03-24 06:10:24', 'LEMKARI', 'Putra', '79', ''),
(273, 'ARYA BAYUSEPTA RAFIEZAR', '6', 40, '2006-09-29', '2016-03-24 06:10:24', 'LEMKARI', 'Putri', '32', ''),
(274, 'MUHAMMAD FADJAR PRATAMA', '6', 23, '2005-04-20', '2016-03-24 06:10:24', 'LEMKARI', 'Putri', '54', ''),
(275, 'WILDAN THOHA', '6', 26, '2004-10-08', '2016-03-24 06:10:24', 'LEMKARI', 'Putra', '54', ''),
(276, 'RAYHAN PRASETYA NUGRAHA', '6', 41, '2005-05-15', '2016-03-24 06:10:24', 'LEMKARI', 'Putri', '34', ''),
(277, 'WISANGGENI', '6', 40, '2003-06-01', '2016-03-24 06:10:24', 'LEMKARI', 'Putra', '56', ''),
(278, 'WISANGGENI', '6', 40, '2003-06-01', '2016-03-24 06:10:24', 'LEMKARI', 'Putra', '12', ''),
(279, 'MUHAMMAD FITHRUN NUHA ANTASENA', '6', 68, '2002-11-28', '2016-03-24 06:10:24', 'LEMKARI', 'Putri', '38', ''),
(280, 'NADIA ARIFAH PUTRI', '6', 35, '2002-02-21', '2016-03-24 06:10:24', 'LEMKARI', 'Putra', '52', ''),
(281, 'KARINA ADIBA', '6', 42, '2002-08-02', '2016-03-24 06:10:24', 'LEMKARI', 'Putra', '36', ''),
(282, 'FITRI NUR''AINI', '6', 44, '2003-02-21', '2016-03-24 06:10:24', 'LEMKARI', 'Putra', '36', ''),
(283, 'WINDA', '6', 57, '2001-12-21', '2016-03-24 06:10:24', 'LEMKARI', 'Putra', '36', ''),
(284, 'NAILI NOOR RAHMIYA NOVY', '6', 46, '2001-11-18', '2016-03-24 06:10:24', 'LEMKARI', 'Putra', '36', ''),
(285, 'LINDU DANANG SYAMTALIRA BAYU', '6', 20, '2006-05-27', '2016-03-24 06:10:24', 'LEMKARI', 'Putri', '22', ''),
(286, 'LINDU DANANG SYAMTALIRA BAYU', '6', 20, '2006-05-27', '2016-03-24 06:10:24', 'LEMKARI', 'Putra', '49', ''),
(287, 'MUHAMMAD RIZAL KHAIDAR RIZQI ', '6', 25, '2006-02-21', '2016-03-24 06:10:24', 'LEMKARI', 'Putra', '49', ''),
(288, 'PUTRI RAHMAWATI', '6', 39, '2000-08-27', '2016-03-24 06:10:24', 'LEMKARI', 'Putra', '61', ''),
(289, 'MUHAMMAD ILHAM FITRINANDA', '6', 34, '2003-12-14', '2016-03-24 06:10:24', 'LEMKARI', 'Putri', '53', ''),
(290, 'MUHAMMAD ILHAM FITRINANDA', '6', 34, '2003-12-14', '2016-03-24 06:10:24', 'LEMKARI', 'Putra', '29', ''),
(291, 'RAHMA JEHAN ALEIVA', '6', 31, '2004-06-14', '2016-03-24 06:10:24', 'LEMKARI', 'Putra', '17', ''),
(292, 'RAHMA JEHAN ALEIVA', '6', 31, '2004-06-14', '2016-03-24 06:10:24', 'LEMKARI', 'Putra', '29', ''),
(293, 'ZELDA RATIH AFNANI', '6', 35, '2004-07-01', '2016-03-24 06:10:24', 'LEMKARI', 'Putri', '29', ''),
(294, 'ZELDA RATIH AFNANI', '6', 35, '2004-07-01', '2016-03-24 06:10:24', 'LEMKARI', 'Putra', '17', ''),
(295, 'NAOMI SIDHARTA', '6', 35, '2005-02-19', '2016-03-24 06:10:24', 'LEMKARI', 'Putri', '17', ''),
(296, 'AHMAD REIHAN ALAVI', '6', 35, '2003-04-21', '2016-03-24 06:10:24', 'LEMKARI', 'Putri', '55', ''),
(297, 'AHMAD REIHAN ALAVI', '6', 26, '2003-04-21', '2016-03-24 06:10:24', 'LEMKARI', 'Putri', '11', ''),
(298, 'AHMAD REIHAN ALAVI', '6', 26, '2003-04-21', '2016-03-24 06:10:24', 'LEMKARI', 'Putra', '3', ''),
(299, 'ALDITO MAHENDRA FENALDO PRATAMA', '6', 50, '2002-07-14', '2016-03-24 06:10:24', 'LEMKARI', 'Putri', '37', ''),
(300, 'ALDITO MAHENDRA FENALDO PRATAMA', '6', 50, '2002-07-14', '2016-03-24 06:10:24', 'LEMKARI', 'Putra', '3', ''),
(301, 'ALDITO MAHENDRA FENALDO PRATAMA', '6', 50, '2002-07-14', '2016-03-24 06:10:24', 'LEMKARI', 'Putri', '11', ''),
(302, 'RAHMADANI NURIZA ARDHIANSYAH', '6', 44, '2001-11-27', '2016-03-24 06:10:24', 'LEMKARI', 'Putri', '58', ''),
(303, 'RAHMADANI NURIZA ARDHIANSYAH', '6', 44, '2001-11-27', '2016-03-24 06:10:24', 'LEMKARI', 'Putra', '3', ''),
(304, 'YUDHA SATRIA PRATAMA', '6', 65, '2003-05-03', '2016-03-24 06:10:24', 'LEMKARI', 'Putra', '37', ''),
(305, 'YUDHA SATRIA PRATAMA', '6', 65, '2008-03-14', '2016-03-24 06:10:24', 'LEMKARI', 'Putra', '11', ''),
(306, 'INANUL KAMILA', '6', 65, '2002-06-10', '2016-03-24 06:10:24', 'LEMKARI', 'Putri', '35', ''),
(307, 'INANUL KAMILA', '6', 41, '2002-06-10', '2016-03-24 06:10:24', 'LEMKARI', 'Putra', '13', ''),
(308, 'INANUL KAMILA', '6', 41, '2002-06-10', '2016-03-24 06:10:24', 'LEMKARI', 'Putra', '4', ''),
(309, 'NEVINTA BUDI PRATIWI', '6', 41, '2001-11-21', '2016-03-24 06:10:24', 'LEMKARI', 'Putra', '13', ''),
(310, 'NEVINTA BUDI PRATIWI', '6', 41, '2001-11-21', '2016-03-24 06:10:24', 'LEMKARI', 'Putra', '4', ''),
(311, 'SAFIA NUR ASHA', '6', 41, '2001-02-20', '2016-03-24 06:10:24', 'LEMKARI', 'Putri', '51', ''),
(312, 'RAVI FIRMAN DWIRAHMA', '6', 55, '2000-05-17', '2016-03-24 06:10:24', 'LEMKARI', 'Putra', '3', ''),
(313, 'RAVI FIRMAN DWIRAHMA', '6', 55, '2000-05-17', '2016-03-24 06:10:24', 'LEMKARI', 'Putra', '9', ''),
(314, 'RAVI FIRMAN DWIRAHMA', '6', 55, '2000-05-17', '2016-03-24 06:10:24', 'LEMKARI', 'Putri', '72', ''),
(315, 'ADAM MA''RUF', '6', 47, '2001-07-14', '2016-03-24 06:10:24', 'LEMKARI', 'Putri', '65', ''),
(316, 'ADAM MA''RUF', '6', 47, '2001-07-14', '2016-03-24 06:10:24', 'LEMKARI', 'Putra', '9', ''),
(317, 'MUHAMMAD ILHAM KARTIKO', '6', 47, '2001-07-06', '2016-03-24 06:10:24', 'LEMKARI', 'Putra', '9', ''),
(318, 'MUHAMMAD ILHAM KARTIKO', '6', 47, '2001-07-06', '2016-03-24 06:10:24', 'LEMKARI', 'Putra', '3', ''),
(319, 'AUFA HANIF ABIYYU SULTHON', '6', 47, '2000-12-25', '2016-03-24 06:10:24', 'LEMKARI', 'Putri', '42', ''),
(320, 'AUFA HANIF ABIYYU SULTHON', '6', 69, '2000-12-25', '2016-03-24 06:10:24', 'LEMKARI', 'Putra', '9', ''),
(321, 'AGRANDHISA ZEN RAJENDRA', '6', 44, '2001-07-03', '2016-03-24 06:10:24', 'LEMKARI', 'Putri', '65', ''),
(322, 'REZA SURYA MINATA', '6', 44, '2001-05-27', '2016-03-24 06:10:24', 'LEMKARI', 'Putri', '65', ''),
(323, 'REZA SURYA MINATA', '6', 44, '2001-05-27', '2016-03-24 06:10:24', 'LEMKARI', 'Putri', '3', ''),
(324, 'ZELETA FEBA HAPRIFANYUNA', '6', 54, '2000-02-12', '2016-03-24 06:10:24', 'LEMKARI', 'Putri', '39', ''),
(325, 'ZELETA FEBA HAPRIFANYUNA', '6', 54, '2000-02-12', '2016-03-24 06:10:24', 'LEMKARI', 'Putri', '4', ''),
(326, 'ZELETA FEBA HAPRIFANYUNA', '6', 54, '2000-02-12', '2016-03-24 06:10:24', 'LEMKARI', 'Putra', '10', ''),
(327, 'ANGGIT ASTU NGKARASATYAS', '6', 54, '2001-04-04', '2016-03-24 06:10:24', 'LEMKARI', 'Putra', '10', ''),
(328, 'ANGGIT ASTU NGKARASATYAS', '6', 54, '2001-04-04', '2016-03-24 06:10:24', 'LEMKARI', 'Putra', '4', ''),
(329, 'DYAH AYU MURDANINGSIH', '6', 54, '1999-11-30', '2016-03-24 06:10:24', 'LEMKARI', 'Putra', '60', ''),
(330, 'DYAH AYU MURDANINGSIH', '6', 44, '1999-11-30', '2016-03-24 06:10:24', 'LEMKARI', 'Putri', '4', ''),
(331, 'TRISTIA WAHYU NOVIANA', '6', 44, '2000-11-11', '2016-03-24 06:10:24', 'LEMKARI', 'Putra', '4', ''),
(332, 'ARDIAN RIZA PAHLEVI', '6', 44, '1998-10-30', '2016-03-24 06:10:24', 'LEMKARI', 'Putra', '76', ''),
(333, 'RAMA CAHYANOFAR MAHENDRA', '6', 61, '1999-11-05', '2016-03-24 06:10:24', 'LEMKARI', 'Putra', '76', ''),
(334, 'MUHAMMAD KHOIRUL ANAM', '6', 58, '1997-12-03', '2016-03-24 06:10:24', 'LEMKARI', 'Putri', '76', ''),
(335, 'USHBA', '6', 64, '1998-05-08', '2016-03-24 06:10:24', 'LEMKARI', 'Putri', '79', ''),
(336, 'RAFI AJI MAS''AT', '6', 64, '1998-08-03', '2016-03-24 06:10:24', 'LEMKARI', 'Putri', '79', ''),
(337, 'DIMAS TRI PRASETYA', '6', 74, '1998-08-22', '2016-03-24 06:10:24', 'LEMKARI', 'Putra', '81', ''),
(338, 'NOVA ARIYANI PUTRI', '6', 45, '1998-11-08', '2016-03-24 06:10:24', 'LEMKARI', 'Putra', '2', ''),
(339, 'NOVA ARIYANI PUTRI', '6', 45, '1998-11-08', '2016-03-24 06:10:24', 'LEMKARI', 'Putra', '62', ''),
(340, 'HANNY AMALLIYANA', '6', 45, '1998-12-16', '2016-03-24 06:10:24', 'LEMKARI', 'Putri', '2', ''),
(341, 'ITA SETIYAWATI', '6', 45, '1999-01-01', '2016-03-24 06:10:24', 'LEMKARI', 'Putri', '67', ''),
(342, 'ITA SETIYAWATI', '6', 47, '1999-01-01', '2016-03-24 06:10:24', 'LEMKARI', 'Putra', '2', ''),
(343, 'QURRATA A''YUN', '6', 45, '1997-10-17', '2016-03-24 06:10:24', 'LEMKARI', 'Putri', '71', ''),
(344, 'AHMAD ANDARU TETUKA', '6', 54, '1997-02-07', '2016-03-24 06:10:24', 'LEMKARI', 'Putri', '75', ''),
(345, 'AGUS SETIAWAN', '6', 54, '1978-09-21', '2016-03-24 06:10:24', 'LEMKARI', 'Putra', '82', ''),
(346, 'SUNARTO', '6', 54, '1978-09-21', '2016-03-24 06:10:24', 'LEMKARI', 'Putri', '82', ''),
(347, 'ARIF MUJIYONO', '6', 54, '1964-12-18', '2016-03-24 06:10:24', 'LEMKARI', 'Putra', '26', ''),
(348, 'ATIN SUKO SALIM', '6', 54, '1962-05-14', '2016-03-24 06:10:24', 'LEMKARI', 'Putri', '26', ''),
(349, 'AHMAD BENY SETIAWAN ', '6', 39, '2002-09-16', '2016-03-24 06:10:24', 'LEMKARI', 'Putra', '55', ''),
(350, 'BAGAS ALIF ARDIANSAH', '17', 30, '2003-05-24', '2016-03-24 06:10:24', 'LEMKARI', 'Putra', '56', ''),
(351, 'SATRIA ARJU RIDLO ROBBY', '17', 52, '2008-06-23', '2016-03-24 06:10:24', 'LEMKARI', 'Putra', '38', ''),
(352, 'MUHAMMAD YARDAN BAYHAQI', '17', 79, '2003-06-23', '2016-03-24 06:10:24', 'LEMKARI', 'Putri', '38', ''),
(353, 'MUHAMMAD RAFLI ALI', '17', 50, '2002-12-17', '2016-03-24 06:10:24', 'LEMKARI', 'Putra', '64', ''),
(354, 'FIRMANDITO SATYA ARDUTA', '17', 42, '2003-08-20', '2016-03-24 06:10:24', 'LEMKARI', 'Putri', '59', ''),
(355, 'MAULANA FADZLUR RAHMAN', '17', 43, '2002-07-17', '2016-03-24 06:10:24', 'LEMKARI', 'Putri', '59', ''),
(356, 'MUHAMMAD ARI FAHRIZAL', '17', 32, '2002-07-28', '2016-03-24 06:10:24', 'LEMKARI', 'Putra', '56', ''),
(357, 'MUHAMMAD FERDIAN SAPUTRO', '17', 48, '2003-05-21', '2016-03-24 06:10:24', 'LEMKARI', 'Putri', '64', ''),
(358, 'ANDHIKA KHAIRUL MUTTAQIEN', '17', 50, '2002-04-19', '2016-03-24 06:10:24', 'LEMKARI', 'Putri', '64', ''),
(359, 'MUHAMMAD FIKRI HIDAYAT', '17', 47, '2001-11-08', '2016-03-24 06:10:24', 'LEMKARI', 'Putri', '66', ''),
(360, 'AINUL FAQIH HAERUDDIN', '17', 72, '2000-04-19', '2016-03-24 06:10:24', 'LEMKARI', 'Putri', '43', ''),
(361, 'MARYAN FAISAL ARIB', '23', 60, '1996-07-12', '2016-03-24 06:10:24', 'LEMKARI', 'Putra', '75', ''),
(362, 'MOCH. WACHID RIFALDI', '23', 60, '1996-01-04', '2016-03-24 06:10:24', 'LEMKARI', 'Putra', '75', ''),
(363, 'HANGGAR PRASETYO', '23', 62, '1995-03-07', '2016-03-24 06:10:24', 'LEMKARI', 'Putri', '78', ''),
(364, 'SARASWATI SUKMA YULIZA', '23', 45, '1998-07-06', '2016-03-24 06:10:24', 'LEMKARI', 'Putra', '62', ''),
(365, 'PURWANTA', '23', 65, '1982-03-28', '2016-03-24 06:10:24', 'LEMKARI', 'Putra', '78', ''),
(366, 'PURWANTA', '23', 65, '1982-03-28', '2016-03-24 06:10:24', 'LEMKARI', 'Putra', '20', ''),
(367, 'PURWANTA', '23', 65, '1982-03-28', '2016-03-24 06:10:24', 'LEMKARI', 'Putra', '1', ''),
(368, 'MAFTUH AHNAN MAJIID', '23', 57, '1998-11-08', '2016-03-24 06:10:24', 'LEMKARI', 'Putri', '1', ''),
(369, 'MAFTUH AHNAN MAJIID', '23', 57, '1998-11-08', '2016-03-24 06:10:24', 'LEMKARI', 'Putri', '76', ''),
(370, 'ABDAN HAIDAR BAHAR', '23', 53, '1998-11-05', '2016-03-24 06:10:24', 'LEMKARI', 'Putri', '70', ''),
(371, 'ABDAN HAIDAR BAHAR', '23', 53, '1998-11-05', '2016-03-24 06:10:24', 'LEMKARI', 'Putra', '1', ''),
(372, 'GIANA NAINI', '23', 53, '1998-04-16', '2016-03-24 06:10:24', 'LEMKARI', 'Putra', '1', ''),
(373, 'INDARYATI', '23', 53, '1998-02-23', '2016-03-24 06:10:24', 'LEMKARI', 'Putri', '1', ''),
(374, 'EMA KIRANA ROSITA', '23', 53, '1998-10-03', '2016-03-24 06:10:24', 'LEMKARI', 'Putra', '1', ''),
(375, 'FARIS IRFAN NAUFAL', '19', 27, '2008-07-01', '2016-03-24 06:10:24', 'LEMKARI', 'Putri', '54', ''),
(376, 'DIMAS IRSYAD YULIASTAMAN', '19', 39, '2008-03-14', '2016-03-24 06:10:24', 'LEMKARI', 'Putra', '56', ''),
(377, 'CAESAR ERLANGGA YUSTISIA', '19', 35, '2008-01-02', '2016-03-24 06:10:24', 'LEMKARI', 'Putri', '54', ''),
(378, 'TEGAR YUDHA ASMARANDHI', '19', 63, '2009-03-31', '2016-03-24 06:10:24', 'LEMKARI', 'Putri', '34', ''),
(379, 'EMBUN KAHURIPAN', '19', 49, '2008-03-14', '2016-03-24 06:10:24', 'LEMKARI', 'Putri', '16', ''),
(380, 'EMBUN KAHURIPAN', '19', 49, '2008-06-07', '2016-03-24 06:10:24', 'LEMKARI', 'Putra', '34', ''),
(381, 'DHEA NUR SAFITRI', '19', 49, '2008-06-23', '2016-03-24 06:10:24', 'LEMKARI', 'Putri', '6', ''),
(382, 'MAYA KARISSA PUSPA ARUM', '19', 49, '2008-01-31', '2016-03-24 06:10:24', 'LEMKARI', 'Putra', '18', ''),
(383, 'MAYA KARISSA PUSPA ARUM', '19', 49, '2008-03-14', '2016-03-24 06:10:24', 'LEMKARI', 'Putra', '6', ''),
(384, 'NILNA AULYA CAESA RANY', '19', 33, '2009-03-31', '2016-03-24 06:10:24', 'LEMKARI', 'Putra', '18', ''),
(385, 'NILNA AULYA CAESA RANY', '19', 33, '2007-09-26', '2016-03-24 06:10:24', 'LEMKARI', 'Putra', '6', ''),
(386, 'NILNA AULYA CAESA RANY', '19', 33, '2007-11-24', '2016-03-24 06:10:24', 'LEMKARI', 'Putri', '30', ''),
(387, 'HANI WAHYUNINGSIH', '19', 40, '2009-03-31', '2016-03-24 06:10:24', 'LEMKARI', 'Putra', '6', ''),
(388, 'HANI WAHYUNINGSIH', '19', 40, '2009-03-31', '2016-03-24 06:10:24', 'LEMKARI', 'Putra', '30', ''),
(389, 'RAHMADHANI FADILLAH PERMANASASI', '19', 38, '2007-11-24', '2016-03-24 06:10:24', 'LEMKARI', 'Putri', '6', ''),
(390, 'RAHMADHANI FADILLAH PERMANASASI', '19', 38, '2007-11-29', '2016-03-24 06:10:24', 'LEMKARI', 'Putra', '30', ''),
(391, 'ANGGITA ANINDYAJATI', '19', 38, '2007-11-29', '2016-03-24 06:10:24', 'LEMKARI', 'Putra', '6', ''),
(392, 'ANGGITA ANINDYAJATI', '19', 38, '2007-11-29', '2016-03-24 06:10:24', 'LEMKARI', 'Putri', '17', ''),
(393, 'IRA JUNISTIN PUTRI LUBIS', '19', 38, '2008-01-02', '2016-03-24 06:10:24', 'LEMKARI', 'Putra', '18', ''),
(394, 'ANANDA FITRIA RAMADHANTI', '19', 53, '2007-11-29', '2016-03-24 06:10:24', 'LEMKARI', 'Putra', '36', ''),
(395, 'WAHDA NUR GHAFIS', '19', 23, '2007-09-26', '2016-03-24 06:10:24', 'LEMKARI', 'Putra', '49', ''),
(396, 'GALIH AHMAD ARIF', '19', 28, '2007-11-29', '2016-03-24 06:10:24', 'LEMKARI', 'Putri', '53', ''),
(397, 'SYAFRIL NUR ROFIK', '19', 27, '2007-11-29', '2016-03-24 06:10:24', 'LEMKARI', 'Putri', '54', ''),
(398, 'FEBRIAN PRADANA', '19', 31, '2007-09-26', '2016-03-24 06:10:24', 'LEMKARI', 'Putri', '54', ''),
(399, 'BARA CHOIRUDINNATA SURYA', '19', 33, '2008-07-01', '2016-03-24 06:10:24', 'LEMKARI', 'Putra', '54', ''),
(400, 'BARA CHOIRUDINNATA SURYA', '19', 33, '2008-07-01', '2016-03-24 06:10:24', 'LEMKARI', 'Putri', '5', ''),
(401, 'ANDIKA SATRIO PRATAMA', '19', 33, '2007-11-24', '2016-03-24 06:10:24', 'LEMKARI', 'Putra', '54', ''),
(402, 'ANDIKA SATRIO PRATAMA', '19', 33, '2007-11-29', '2016-03-24 06:10:24', 'LEMKARI', 'Putra', '5', ''),
(403, 'FAHARSYAH NATHADEWANA SURYA', '19', 32, '2007-09-26', '2016-03-24 06:10:24', 'LEMKARI', 'Putri', '54', ''),
(404, 'MUHAMMAD FAJAR MIFTAKHUDDIN', '19', 45, '2007-11-24', '2016-03-24 06:10:24', 'LEMKARI', 'Putra', '33', ''),
(405, 'MUHAMMAD BAGUS TRI FAKIHUDIN', '19', 45, '2007-09-26', '2016-03-24 06:10:24', 'LEMKARI', 'Putri', '15', ''),
(406, 'RAFI ABDUL GHONI', '19', 45, '2008-06-23', '2016-03-24 06:10:24', 'LEMKARI', 'Putra', '33', ''),
(407, 'AIMAN FAUZI NOVA', '19', 27, '2007-11-29', '2016-03-24 06:10:24', 'LEMKARI', 'Putra', '53', ''),
(408, 'AIMAN FAUZI NOVA', '19', 27, '2008-01-02', '2016-03-24 06:10:24', 'LEMKARI', 'Putri', '5', ''),
(409, 'TANTAHARA YOVIE PUTRA', '19', 31, '2008-03-14', '2016-03-24 06:10:24', 'LEMKARI', 'Putri', '53', ''),
(410, 'FARHAN ADIB MA''RIFAT', '19', 41, '2007-11-29', '2016-03-24 06:10:24', 'LEMKARI', 'Putra', '33', ''),
(411, 'ANTONIO SASONGKO', '19', 46, '2008-07-01', '2016-03-24 06:10:24', 'LEMKARI', 'Putri', '63', ''),
(412, 'ANTONIO SASONGKO', '19', 46, '2009-03-31', '2016-03-24 06:10:24', 'LEMKARI', 'Putra', '3', ''),
(413, 'ANDHIKA NASYWA WIDYADHANA', '19', 36, '2008-07-01', '2016-03-24 06:10:24', 'LEMKARI', 'Putri', '55', ''),
(414, 'ANDHIKA NASYWA WIDYADHANA', '19', 36, '2009-03-31', '2016-03-24 06:10:24', 'LEMKARI', 'Putra', '11', ''),
(415, 'DIMAS SATRIO WIBOWO', '19', 38, '2008-03-14', '2016-03-24 06:10:24', 'LEMKARI', 'Putra', '55', ''),
(416, 'DIMAS SATRIO WIBOWO', '19', 38, '2008-06-07', '2016-03-24 06:10:24', 'LEMKARI', 'Putri', '11', ''),
(417, 'DIMAS SATRIO WIBOWO', '19', 38, '2008-06-23', '2016-03-24 06:10:24', 'LEMKARI', 'Putra', '3', ''),
(418, 'FAIS OKTAVIANSYAH', '19', 38, '2008-03-14', '2016-03-24 06:10:24', 'LEMKARI', 'Putri', '11', ''),
(419, 'FAIS OKTAVIANSYAH', '19', 38, '2008-06-07', '2016-03-24 06:10:24', 'LEMKARI', 'Putri', '3', ''),
(420, 'KUSUMANINGTYAS ADELIA SAPUTRI', '19', 38, '2008-03-14', '2016-03-24 06:10:24', 'LEMKARI', 'Putra', '35', ''),
(421, 'FITRI ANGGRAENI', '19', 38, '2008-07-01', '2016-03-24 06:10:24', 'LEMKARI', 'Putra', '13', ''),
(422, 'ALDHY BINTANG NUGROHO', '19', 56, '2008-07-01', '2016-03-24 06:10:24', 'LEMKARI', 'Putra', '72', ''),
(423, 'ALDHY BINTANG NUGROHO', '19', 56, '2009-03-31', '2016-03-24 06:10:24', 'LEMKARI', 'Putri', '3', ''),
(424, 'ALDHY BINTANG NUGROHO', '19', 56, '2009-03-31', '2016-03-24 06:10:24', 'LEMKARI', 'Putra', '9', ''),
(425, 'ALIF ARDIANSYAH SURYA WICAKSANA', '19', 78, '2008-01-31', '2016-03-24 06:10:24', 'LEMKARI', 'Putra', '42', ''),
(426, 'ADHYAKSA WIRA BIMANTARA', '19', 62, '2008-01-02', '2016-03-24 06:10:24', 'LEMKARI', 'Putri', '77', ''),
(427, 'ADHYAKSA WIRA BIMANTARA', '19', 62, '2008-01-31', '2016-03-24 06:10:24', 'LEMKARI', 'Putra', '3', ''),
(428, 'ABU IWON AMI EGI', '19', 57, '2008-01-02', '2016-03-24 06:10:24', 'LEMKARI', 'Putra', '76', ''),
(429, 'ABU IWON AMI EGI', '19', 57, '2008-01-31', '2016-03-24 06:10:24', 'LEMKARI', 'Putri', '7', ''),
(430, 'ABU IWON AMI EGI', '19', 57, '2008-03-14', '2016-03-24 06:10:24', 'LEMKARI', 'Putra', '3', ''),
(431, 'TATA DWI KURNIAWAN', '19', 52, '2008-07-01', '2016-03-24 06:10:24', 'LEMKARI', 'Putra', '70', ''),
(432, 'PONCO SUKIHARDONO MARIANUS MEILIANTO', '19', 55, '2007-11-24', '2016-03-24 06:10:24', 'LEMKARI', 'Putri', '70', ''),
(433, 'PONCO SUKIHARDONO MARIANUS MEILIANTO', '19', 55, '2007-11-29', '2016-03-24 06:10:24', 'LEMKARI', 'Putra', '7', ''),
(434, 'AKBAR BORNEO DAMMARA', '19', 73, '2008-01-31', '2016-03-24 06:10:24', 'LEMKARI', 'Putra', '7', ''),
(435, 'AKBAR BORNEO DAMMARA', '19', 73, '2008-03-14', '2016-03-24 06:10:24', 'LEMKARI', 'Putri', '81', ''),
(436, 'YOGA SUGITA', '19', 73, '2008-06-07', '2016-03-24 06:10:24', 'LEMKARI', 'Putri', '82', ''),
(437, 'DAFFA AHZA HAMIZAN', '12', 28, '2006-09-26', '2016-03-24 06:10:24', 'LEMKARI', 'Putra', '22', ''),
(438, 'DAFFA AHZA HAMIZAN', '12', 28, '2006-09-26', '2016-03-24 06:10:24', 'LEMKARI', 'Putra', '5', ''),
(439, 'DAFFA AHZA HAMIZAN', '12', 28, '2006-09-26', '2016-03-24 06:10:24', 'LEMKARI', 'Putri', '49', ''),
(440, 'VALENTINO ZAKY Y', '12', 25, '2007-02-13', '2016-03-24 06:10:24', 'LEMKARI', 'Putra', '22', ''),
(441, 'VALENTINO ZAKY Y', '12', 25, '2007-02-13', '2016-03-24 06:10:24', 'LEMKARI', 'Putra', '5', ''),
(442, 'VALENTINO ZAKY Y', '12', 25, '2007-02-13', '2016-03-24 06:10:24', 'LEMKARI', 'Putri', '49', ''),
(443, 'LAILA RAMADHANI', '12', 28, '2007-09-26', '2016-03-24 06:10:24', 'LEMKARI', 'Putra', '24', ''),
(444, 'LAILA RAMADHANI', '12', 28, '2007-09-26', '2016-03-24 06:10:24', 'LEMKARI', 'Putri', '27', ''),
(445, 'DAFA YOGA', '12', 35, '2004-03-14', '2016-03-24 06:10:24', 'LEMKARI', 'Putra', '15', ''),
(446, 'DAFA YOGA', '12', 35, '2004-03-14', '2016-03-24 06:10:24', 'LEMKARI', 'Putra', '5', ''),
(447, 'DAFA YOGA', '12', 35, '2004-03-14', '2016-03-24 06:10:24', 'LEMKARI', 'Putra', '53', ''),
(448, 'HANIFAN HILBRAM', '12', 45, '2004-07-18', '2016-03-24 06:10:24', 'LEMKARI', 'Putri', '15', ''),
(449, 'HANIFAN HILBRAM', '12', 45, '2004-07-18', '2016-03-24 06:10:24', 'LEMKARI', 'Putri', '5', ''),
(450, 'HANIFAN HILBRAM', '12', 45, '2004-07-18', '2016-03-24 06:10:24', 'LEMKARI', 'Putra', '33', ''),
(451, 'VALENTINO AGUNG S', '12', 47, '2004-10-14', '2016-03-24 06:10:24', 'LEMKARI', 'Putri', '5', ''),
(452, 'VALENTINO AGUNG S', '12', 47, '2004-10-14', '2016-03-24 06:10:24', 'LEMKARI', 'Putra', '15', ''),
(453, 'VALENTINO AGUNG S', '12', 47, '2004-10-14', '2016-03-24 06:10:24', 'LEMKARI', 'Putri', '33', ''),
(454, 'FAIRUS PANDU R', '12', 44, '2004-03-04', '2016-03-24 06:10:24', 'LEMKARI', 'Putri', '15', ''),
(455, 'FAIRUS PANDU R', '12', 44, '2004-03-04', '2016-03-24 06:10:24', 'LEMKARI', 'Putra', '5', ''),
(456, 'FAIRUS PANDU R', '12', 44, '2004-03-04', '2016-03-24 06:10:24', 'LEMKARI', 'Putra', '33', ''),
(457, 'MUHAMMAD AGENG P', '12', 42, '2003-11-14', '2016-03-24 06:10:24', 'LEMKARI', 'Putra', '15', ''),
(458, 'MUHAMMAD AGENG P', '12', 42, '2003-11-14', '2016-03-24 06:10:24', 'LEMKARI', 'Putra', '33', ''),
(459, 'PRADIPTA CANDRA K', '12', 38, '2003-11-11', '2016-03-24 06:10:24', 'LEMKARI', 'Putri', '17', ''),
(460, 'PRADIPTA CANDRA K', '12', 38, '2003-11-11', '2016-03-24 06:10:24', 'LEMKARI', 'Putri', '29', ''),
(461, 'FAJRIH ALFIANSYAH', '12', 40, '2002-05-05', '2016-03-24 06:10:24', 'LEMKARI', 'Putri', '11', ''),
(462, 'FAJRIH ALFIANSYAH', '12', 40, '2002-05-05', '2016-03-24 06:10:24', 'LEMKARI', 'Putra', '55', ''),
(463, 'CHENDELLA K', '12', 40, '2002-01-17', '2016-03-24 06:10:24', 'LEMKARI', 'Putra', '13', ''),
(464, 'CHENDELLA K', '12', 40, '2002-01-17', '2016-03-24 06:10:24', 'LEMKARI', 'Putra', '4', ''),
(465, 'ARBIN RANGGASETA', '12', 49, '2001-02-04', '2016-03-24 06:10:24', 'LEMKARI', 'Putra', '13', ''),
(466, 'ARBIN RANGGASETA', '12', 49, '2001-02-04', '2016-03-24 06:10:24', 'LEMKARI', 'Putri', '4', ''),
(467, 'NUGROHO LUTHFAN K', '12', 54, '2000-04-11', '2016-03-24 06:10:24', 'LEMKARI', 'Putra', '9', ''),
(468, 'NUGROHO LUTHFAN K', '12', 54, '2000-04-11', '2016-03-24 06:10:24', 'LEMKARI', 'Putra', '3', ''),
(469, 'NUGROHO LUTHFAN K', '12', 54, '2000-04-11', '2016-03-24 06:10:24', 'LEMKARI', 'Putra', '72', ''),
(470, 'HANIF NUGROHO K', '12', 69, '2001-04-24', '2016-03-24 06:10:24', 'LEMKARI', 'Putra', '9', ''),
(471, 'HANIF NUGROHO K', '12', 69, '2001-04-24', '2016-03-24 06:10:24', 'LEMKARI', 'Putri', '3', ''),
(472, 'TRIANGKOSO', '12', 48, '2000-07-21', '2016-03-24 06:10:24', 'LEMKARI', 'Putri', '65', ''),
(473, 'GATOT PRIAMBODO', '12', 48, '2000-07-19', '2016-03-24 06:10:24', 'LEMKARI', 'Putra', '65', ''),
(474, 'LADY LADUNI SAYEKTI', '12', 50, '1998-11-14', '2016-03-24 06:10:24', 'LEMKARI', 'Putra', '4', ''),
(475, 'LADY LADUNI SAYEKTI', '12', 50, '1998-11-14', '2016-03-24 06:10:24', 'LEMKARI', 'Putri', '74', ''),
(476, 'PANDU AZIZ RIADI', '12', 64, '1999-01-19', '2016-03-24 06:10:24', 'LEMKARI', 'Putra', '7', ''),
(477, 'PANDU AZIZ RIADI', '12', 64, '1999-01-19', '2016-03-24 06:10:24', 'LEMKARI', 'Putra', '3', ''),
(478, 'PANDU AZIZ RIADI', '12', 64, '1999-01-19', '2016-03-24 06:10:24', 'LEMKARI', 'Putra', '67', '');
INSERT INTO `peserta` (`id_peserta`, `nama`, `id_kontingen`, `berat_badan`, `tgl_lahir`, `waktu_input`, `perguruan`, `jk`, `id_kelas`, `input_by`) VALUES
(479, 'HAIKAL HASANA', '12', 58, '1998-02-09', '2016-03-24 06:10:24', 'LEMKARI', 'Putra', '76', ''),
(480, 'DEEBA DAHAYU P', '21', 29, '2006-07-04', '2016-03-24 06:10:24', 'LEMKARI', 'Putra', '25', ''),
(481, 'DEEBA DAHAYU P', '21', 29, '2006-07-04', '2016-03-24 06:10:24', 'LEMKARI', 'Putri', '28', ''),
(482, 'SHAYLA SYAHRANI', '21', 21, '2008-07-01', '2016-03-24 06:10:24', 'LEMKARI', 'Putri', '25', ''),
(483, 'SHAYLA SYAHRANI', '21', 21, '2008-07-01', '2016-03-24 06:10:24', 'LEMKARI', 'Putri', '6', ''),
(484, 'ADINDA SALSABILA', '21', 44, '2005-12-11', '2016-03-24 06:10:24', 'LEMKARI', 'Putri', '28', ''),
(485, 'YUSUF TIRTA SYAHPUTRA', '21', 23, '2005-12-19', '2016-03-24 06:10:24', 'LEMKARI', 'Putra', '50', ''),
(486, 'MAHENDRA EXCELSA Z P', '21', 25, '2009-03-31', '2016-03-24 06:10:24', 'LEMKARI', 'Putra', '16', ''),
(487, 'MAHENDRA EXCELSA Z P', '21', 25, '2009-03-31', '2016-03-24 06:10:24', 'LEMKARI', 'Putra', '50', ''),
(488, 'HANA MAYORI', '21', 25, '2005-11-14', '2016-03-24 06:10:24', 'LEMKARI', 'Putri', '48', ''),
(489, 'HANA MAYORI', '21', 25, '2005-11-14', '2016-03-24 06:10:24', 'LEMKARI', 'Putra', '6', ''),
(490, 'SALSABILA BERLYAN A', '21', 35, '2004-08-26', '2016-03-24 06:10:24', 'LEMKARI', 'Putri', '18', ''),
(491, 'SALSABILA BERLYAN A', '21', 35, '2004-08-26', '2016-03-24 06:10:24', 'LEMKARI', 'Putra', '6', ''),
(492, 'SALSABILA BERLYAN A', '21', 35, '2004-08-26', '2016-03-24 06:10:24', 'LEMKARI', 'Putra', '30', ''),
(493, 'BIMA REIKI H', '21', 26, '2003-08-18', '2016-03-24 06:10:24', 'LEMKARI', 'Putra', '5', ''),
(494, 'BIMA REIKI H', '21', 26, '2003-08-18', '2016-03-24 06:10:24', 'LEMKARI', 'Putra', '53', ''),
(495, 'MUHAMMAD ALFIAN', '21', 27, '2003-12-07', '2016-03-24 06:10:24', 'LEMKARI', 'Putra', '54', ''),
(496, 'NADA RANIA S', '21', 33, '2004-12-27', '2016-03-24 06:10:24', 'LEMKARI', 'Putra', '17', ''),
(497, 'NADA RANIA S', '21', 33, '2004-12-27', '2016-03-24 06:10:24', 'LEMKARI', 'Putri', '29', ''),
(498, 'NAMIRA AULIA S', '21', 38, '2002-10-23', '2016-03-24 06:10:24', 'LEMKARI', 'Putra', '13', ''),
(499, 'MUHAMMAD MAJID A', '21', 33, '2002-09-27', '2016-03-24 06:10:24', 'LEMKARI', 'Putra', '55', ''),
(500, 'FAIZ ISTINDA R.N', '21', 34, '2003-06-17', '2016-03-24 06:10:24', 'LEMKARI', 'Putri', '11', ''),
(501, 'FAIZ ISTINDA R.N', '21', 34, '2003-06-17', '2016-03-24 06:10:24', 'LEMKARI', 'Putra', '55', ''),
(502, 'MUHAMMAD RAIHANSYAH', '21', 49, '2001-02-27', '2016-03-24 06:10:24', 'LEMKARI', 'Putra', '9', ''),
(503, 'ILYAS SABILLAH', '21', 75, '2001-03-14', '2016-03-24 06:10:24', 'LEMKARI', 'Putri', '42', ''),
(504, 'IMAM SINATRYA', '21', 48, '1999-03-09', '2016-03-24 06:10:24', 'LEMKARI', 'Putra', '70', ''),
(505, 'DEDIK SYAFI''I', '21', 69, '1996-07-23', '2016-03-24 06:10:24', 'LEMKARI', 'Putra', '80', ''),
(506, 'MUHAMMAD YUDISTIRA', '21', 63, '1994-03-21', '2016-03-24 06:10:24', 'LEMKARI', 'Putra', '78', ''),
(507, 'RAHADIAN ADITIA', '21', 65, '1996-06-11', '2016-03-24 06:10:24', 'LEMKARI', 'Putri', '44', ''),
(508, 'MUHAMMAD RAFY A', '21', 20, '2006-06-27', '2016-03-24 06:10:24', 'LEMKARI', 'Putri', '22', ''),
(509, 'MUHAMMAD RAFY A', '21', 20, '2006-06-27', '2016-03-24 06:10:24', 'LEMKARI', 'Putri', '5', ''),
(510, 'MUHAMMAD RAFY A', '21', 20, '2006-06-27', '2016-03-24 06:10:24', 'LEMKARI', 'Putra', '49', ''),
(511, 'MUHAMMAD RIFQY R A', '21', 42, '2004-10-24', '2016-03-24 06:10:24', 'LEMKARI', 'Putra', '15', ''),
(512, 'MUHAMMAD RIFQY R A', '21', 42, '2004-10-24', '2016-03-24 06:10:24', 'LEMKARI', 'Putra', '5', ''),
(513, 'MUHAMMAD RIFQY R A', '21', 42, '2004-10-24', '2016-03-24 06:10:24', 'LEMKARI', 'Putri', '33', ''),
(514, 'MARTIYA HANDAYANI PUTRI', '21', 41, '1996-03-14', '2016-03-24 06:10:24', 'LEMKARI', 'Putri', '71', ''),
(515, 'WIDYA RAHAYUNINGTYAS', '21', 50, '1997-01-30', '2016-03-24 06:10:24', 'LEMKARI', 'Putri', '71', ''),
(516, 'WIDYA RAHAYUNINGTYAS', '21', 50, '1997-01-30', '2016-03-24 06:10:24', 'LEMKARI', 'Putra', '21', ''),
(517, 'MUHAMMAD IMAM M K', '21', 49, '1995-11-27', '2016-03-24 06:10:24', 'LEMKARI', 'Putri', '75', ''),
(518, 'MA''RUF WALUYO', '21', 67, '1993-08-28', '2016-03-24 06:10:24', 'LEMKARI', 'Putri', '78', ''),
(519, 'BINAR NUGROHO', '21', 98, '1996-03-16', '2016-03-24 06:10:24', 'LEMKARI', 'Putra', '44', ''),
(520, 'AGUS MUZAMIL', '21', 57, '2002-10-23', '2016-03-24 06:10:24', 'LEMKARI', 'Putra', '82', ''),
(521, 'YERI ALRAMA', '21', 57, '2002-09-27', '2016-03-24 06:10:24', 'LEMKARI', 'Putri', '66', ''),
(522, 'SRI ENDANG SUSILOWAI', '21', 53, '2003-06-17', '2016-03-24 06:10:24', 'LEMKARI', 'Putra', '21', ''),
(523, 'NIYA ISNAINI', '21', 53, '2003-06-17', '2016-03-24 06:10:24', 'LEMKARI', 'Putra', '61', ''),
(524, 'ALVI SEPTIANI P.R', '21', 53, '2001-02-27', '2016-03-24 06:10:24', 'LEMKARI', 'Putra', '61', ''),
(525, 'RAFI HANIFAN P', '21', 53, '2001-03-14', '2016-03-24 06:10:24', 'LEMKARI', 'Putra', '32', ''),
(526, 'NAJMA PURWINDA TABRIZA', '21', 53, '1999-03-09', '2016-03-24 06:10:24', 'LEMKARI', 'Putra', '30', ''),
(527, 'RADAR PUTRA PRATAMA', '21', 27, '1996-07-23', '2016-03-24 06:10:24', 'LEMKARI', 'Putri', '50', ''),
(528, 'MALA FANSIAH', '21', 39, '1994-03-21', '2016-03-24 06:10:24', 'LEMKARI', 'Putra', '48', ''),
(529, 'M.ISNAINI', '21', 35, '1996-06-11', '2016-03-24 06:10:24', 'LEMKARI', 'Putra', '30', ''),
(530, 'ANGGA DWI M', '21', 63, '2006-06-27', '2016-03-24 06:10:24', 'LEMKARI', 'Putra', '70', ''),
(531, 'RATRI ANGGORO', '21', 49, '2006-06-27', '2016-03-24 06:10:24', 'LEMKARI', 'Putra', '70', ''),
(532, 'RIKY NUR ADITYA', '21', 49, '2006-06-27', '2016-03-24 06:10:24', 'LEMKARI', 'Putri', '65', ''),
(533, 'APRI WARDANA', '21', 49, '2004-10-24', '2016-03-24 06:10:24', 'LEMKARI', 'Putri', '75', ''),
(534, 'MAURA', '21', 49, '2004-10-24', '2016-03-24 06:10:24', 'LEMKARI', 'Putra', '36', ''),
(535, 'NABILA ALFITA', '21', 49, '2004-10-24', '2016-03-24 06:10:24', 'LEMKARI', 'Putri', '38', ''),
(536, 'ALVIANO DIAN KEDATON', '2', 33, '1996-03-14', '2016-03-24 06:10:24', 'LEMKARI', 'Putra', '22', ''),
(537, 'ALVIANO DIAN KEDATON', '2', 33, '1997-01-30', '2016-03-24 06:10:24', 'LEMKARI', 'Putra', '49', ''),
(538, 'BRYAN RISKI ANANDA HAKIM', '2', 33, '1997-01-30', '2016-03-24 06:10:24', 'LEMKARI', 'Putri', '53', ''),
(539, 'BRYAN RISKI ANANDA HAKIM', '2', 40, '1995-11-27', '2016-03-24 06:10:24', 'LEMKARI', 'Putra', '15', ''),
(540, 'BRYAN RISKI ANANDA HAKIM', '2', 40, '1993-08-28', '2016-03-24 06:10:24', 'LEMKARI', 'Putri', '3', ''),
(541, 'DESINTA AYU NAFTALENA', '2', 38, '1996-03-16', '2016-03-24 06:10:24', 'LEMKARI', 'Putri', '29', ''),
(542, 'SATPUTRI EKA ASTRIA', '2', 38, '2002-03-08', '2016-03-24 06:10:24', 'LEMKARI', 'Putri', '57', ''),
(543, 'SATPUTRI EKA ASTRIA', '2', 38, '2002-03-08', '2016-03-24 06:10:24', 'LEMKARI', 'Putra', '13', ''),
(544, 'LINDA ROSALINDA', '2', 38, '2002-03-16', '2016-03-24 06:10:24', 'LEMKARI', 'Putri', '13', ''),
(545, 'LINDA ROSALINDA', '2', 38, '2002-03-16', '2016-03-24 06:10:24', 'LEMKARI', 'Putri', '57', ''),
(546, 'LINDA ROSALINDA', '2', 53, '2002-03-16', '2016-03-24 06:10:24', 'LEMKARI', 'Putra', '3', ''),
(547, 'ISNAIN WARNO HARINTO', '2', 23, '2003-05-19', '2016-03-24 06:10:24', 'LEMKARI', 'Putri', '55', ''),
(548, 'ISNAIN WARNO HARINTO', '2', 28, '2003-05-19', '2016-03-24 06:10:24', 'LEMKARI', 'Putra', '11', ''),
(549, 'OKTARYANALDI NAVYZHEA PUTRA', '2', 27, '2002-10-19', '2016-03-24 06:10:24', 'LEMKARI', 'Putra', '58', ''),
(550, 'MUHAMMAD NUR KHANAFI', '2', 31, '2001-12-18', '2016-03-24 06:10:24', 'LEMKARI', 'Putri', '11', ''),
(551, 'MUHAMMAD NUR KHANAFI', '2', 33, '2001-12-18', '2016-03-24 06:10:24', 'LEMKARI', 'Putri', '3', ''),
(552, 'MUHAMMAD NUR KHANAFI', '2', 33, '2001-12-18', '2016-03-24 06:10:24', 'LEMKARI', 'Putra', '58', ''),
(553, 'BELVA AKMAL ARYA TECTONA', '2', 33, '2003-06-04', '2016-03-24 06:10:24', 'LEMKARI', 'Putri', '11', ''),
(554, 'BELVA AKMAL ARYA TECTONA', '2', 33, '2003-06-04', '2016-03-24 06:10:24', 'LEMKARI', 'Putra', '63', ''),
(555, 'BAGUS MEY TRI SETIAWAN', '2', 32, '2001-05-30', '2016-03-24 06:10:24', 'LEMKARI', 'Putra', '9', ''),
(556, 'BAGUS MEY TRI SETIAWAN', '2', 45, '2001-05-30', '2016-03-24 06:10:24', 'LEMKARI', 'Putri', '65', ''),
(557, 'AZRULLAH QIGBAL', '2', 45, '2001-01-13', '2016-03-24 06:10:24', 'LEMKARI', 'Putri', '9', ''),
(558, 'AZRULLAH QIGBAL', '2', 45, '2001-01-13', '2016-03-24 06:10:24', 'LEMKARI', 'Putri', '65', ''),
(559, 'KARLIGO MAY LALANG TAMA', '2', 27, '2001-05-10', '2016-03-24 06:10:24', 'LEMKARI', 'Putra', '77', ''),
(560, 'WIDYA ONA VITA LESTARI', '2', 27, '1999-09-10', '2016-03-24 06:10:24', 'LEMKARI', 'Putri', '41', ''),
(561, 'ERIYANTO YOGI SETYAWAN', '2', 31, '1999-06-29', '2016-03-24 06:10:24', 'LEMKARI', 'Putra', '70', ''),
(562, 'NOVA ARDIYANSYAH', '2', 41, '1995-11-24', '2016-03-24 06:10:24', 'LEMKARI', 'Putri', '75', ''),
(563, 'DEA ABIMANYU', '2', 46, '1995-10-15', '2016-03-24 06:10:24', 'LEMKARI', 'Putra', '78', ''),
(564, 'ANGGEO PARAGAS SA''I', '2', 46, '1996-03-15', '2016-03-24 06:10:24', 'LEMKARI', 'Putra', '75', ''),
(565, 'DEDEN RISKIANANDIKA', '2', 36, '1994-11-25', '2016-03-24 06:10:24', 'LEMKARI', 'Putra', '75', ''),
(566, 'HILMY HAIDAR', '2', 36, '1995-02-26', '2016-03-24 06:10:24', 'LEMKARI', 'Putri', '78', ''),
(567, 'ILHAM MUNAJID', '2', 38, '1996-03-25', '2016-03-24 06:10:24', 'LEMKARI', 'Putra', '44', ''),
(568, 'MUHAMMAD KHALID PRAKOSO', '2', 38, '1994-04-19', '2016-03-24 06:10:24', 'LEMKARI', 'Putri', '80', ''),
(569, 'TRI BAGU PRABOWO', '2', 38, '1995-07-05', '2016-03-24 06:10:24', 'LEMKARI', 'Putra', '44', ''),
(570, 'ANGGA DIRGANTARA', '2', 38, '1995-09-23', '2016-03-24 06:10:24', 'LEMKARI', 'Putra', '80', ''),
(571, 'CATUR KRIDA SETIAWAN', '2', 38, '1984-03-11', '2016-03-24 06:10:24', 'LEMKARI', 'Putri', '44', ''),
(572, 'WAHYU WIDODO', '2', 38, '1968-05-23', '2016-03-24 06:10:24', 'LEMKARI', 'Putra', '44', ''),
(573, 'DIANDRA AURA AMELIA', '2', 38, '2006-01-23', '2016-03-24 06:10:24', 'LEMKARI', 'Putri', '44', ''),
(574, 'MUHAMMAD EWALDO GIOVANI', '2', 56, '2006-11-19', '2016-03-24 06:10:24', 'LEMKARI', 'Putra', '23', ''),
(575, 'MUHAMMAD EWALDO GIOVANI', '2', 56, '2006-11-19', '2016-03-24 06:10:24', 'LEMKARI', 'Putri', '32', ''),
(576, 'MUHAMMAD ALIEF ', '2', 56, '2006-01-29', '2016-03-24 06:10:24', 'LEMKARI', 'Putra', '32', ''),
(577, 'SHOHIBUL MUNA PRASETYA', '2', 78, '2006-07-26', '2016-03-24 06:10:24', 'LEMKARI', 'Putra', '23', ''),
(578, 'SHOHIBUL MUNA PRASETYA', '2', 62, '2006-07-26', '2016-03-24 06:10:24', 'LEMKARI', 'Putra', '50', ''),
(579, 'LAVENIA MARSANDA', '2', 62, '2004-09-20', '2016-03-24 06:10:24', 'LEMKARI', 'Putri', '34', ''),
(580, 'AULIA TANIA KHANSA', '2', 57, '2004-10-02', '2016-03-24 06:10:24', 'LEMKARI', 'Putra', '30', ''),
(581, 'RAFII'' HIBATURRAHMAN', '2', 57, '2004-01-14', '2016-03-24 06:10:24', 'LEMKARI', 'Putra', '30', ''),
(582, 'FASHA ISLAMY CHANIAGO', '2', 57, '2003-03-15', '2016-03-24 06:10:24', 'LEMKARI', 'Putra', '56', ''),
(583, 'ALVIAN HAMZAH', '2', 52, '2003-05-21', '2016-03-24 06:10:24', 'LEMKARI', 'Putri', '59', ''),
(584, 'KRISNA WIBOWO', '2', 55, '2002-01-20', '2016-03-24 06:10:24', 'LEMKARI', 'Putri', '59', ''),
(585, 'OKSENKLIW WAHYU PANCA', '2', 55, '2001-11-01', '2016-03-24 06:10:24', 'LEMKARI', 'Putra', '64', ''),
(586, 'VITO HIMAWULAN SAPUTRA', '2', 73, '2003-02-19', '2016-03-24 06:10:24', 'LEMKARI', 'Putri', '38', ''),
(587, 'VIOLA RAHMA PRATIWI', '13', 73, '2007-02-17', '2016-03-24 06:10:24', 'LEMKARI', 'Putra', '46', ''),
(588, 'SHINTA NUR ZAHRA', '13', 73, '2008-03-14', '2016-03-24 06:10:24', 'LEMKARI', 'Putra', '24', ''),
(589, 'HERNANDO RAJENDRA', '13', 28, '2006-03-04', '2016-03-24 06:10:24', 'LEMKARI', 'Putra', '50', ''),
(590, 'REYDITA CHANTIKA', '13', 28, '2006-09-16', '2016-03-24 06:10:24', 'LEMKARI', 'Putri', '28', ''),
(591, 'FAUSTI WIDAYANTI', '13', 28, '2005-06-11', '2016-03-24 06:10:24', 'LEMKARI', 'Putra', '28', ''),
(592, 'RYOU ADYARAKA ANDIAN', '13', 25, '2008-06-07', '2016-03-24 06:10:24', 'LEMKARI', 'Putra', '50', ''),
(593, 'ADINDA ULAYA', '13', 25, '2006-10-01', '2016-03-24 06:10:24', 'LEMKARI', 'Putra', '48', ''),
(594, 'RADJA KSATRIA ADEWA', '13', 25, '2006-08-04', '2016-03-24 06:10:24', 'LEMKARI', 'Putra', '32', ''),
(595, 'BHARLEAN ARYA W', '13', 28, '2007-08-28', '2016-03-24 06:10:24', 'LEMKARI', 'Putri', '50', ''),
(596, 'AZIZ DWI S', '13', 28, '2006-12-24', '2016-03-24 06:10:24', 'LEMKARI', 'Putri', '50', ''),
(597, 'CIELO RAZZAM A', '13', 35, '2005-06-11', '2016-03-24 06:10:24', 'LEMKARI', 'Putra', '32', ''),
(598, 'VALERIO OCTAVIANUS K T', '13', 35, '2005-10-01', '2016-03-24 06:10:24', 'LEMKARI', 'Putra', '50', ''),
(599, 'RAJIEF BAYU NUR', '13', 35, '2006-09-07', '2016-03-24 06:10:24', 'LEMKARI', 'Putra', '32', ''),
(600, 'CLARA CARMALA PUTRI', '13', 45, '2006-12-04', '2016-03-24 06:10:24', 'LEMKARI', 'Putri', '28', ''),
(601, 'RADJA AR RAAFI BINTANG H', '13', 45, '2008-06-23', '2016-03-24 06:10:24', 'LEMKARI', 'Putra', '50', ''),
(602, 'SHAKIRA KAYLA J', '13', 45, '2008-01-31', '2016-03-24 06:10:24', 'LEMKARI', 'Putri', '19', ''),
(603, 'BRIGETTA AQELINA', '13', 47, '2008-01-02', '2016-03-24 06:10:24', 'LEMKARI', 'Putra', '19', ''),
(604, 'SHINTA NUR ZAHRA', '13', 47, '2008-03-14', '2016-03-24 06:10:24', 'LEMKARI', 'Putri', '19', ''),
(605, 'NADIA NAVEL AMANDA', '13', 47, '2007-06-17', '2016-03-24 06:10:24', 'LEMKARI', 'Putri', '19', ''),
(606, 'RAFAEL SURYA PUTRA', '13', 44, '2007-02-04', '2016-03-24 06:10:24', 'LEMKARI', 'Putra', '50', ''),
(607, 'ARJUNA SATRIA Y', '13', 44, '2003-02-17', '2016-03-24 06:10:24', 'LEMKARI', 'Putra', '34', ''),
(608, 'CUT ANNIZAR ARLYZA', '13', 44, '2006-06-06', '2016-03-24 06:10:24', 'LEMKARI', 'Putri', '24', ''),
(609, 'CUT ANNIZAR ARLYZA', '13', 42, '2006-06-06', '2016-03-24 06:10:24', 'LEMKARI', 'Putra', '46', ''),
(610, 'BIMA WIJAYA S', '13', 42, '2001-06-06', '2016-03-24 06:10:24', 'LEMKARI', 'Putra', '11', ''),
(611, 'BIMA WIJAYA S', '13', 38, '2001-06-06', '2016-03-24 06:10:24', 'LEMKARI', 'Putri', '63', ''),
(612, 'DIAN KUSUMANINGRUM', '13', 38, '2001-10-13', '2016-03-24 06:10:24', 'LEMKARI', 'Putra', '35', ''),
(613, 'DINI KUSUMANINGRUM', '13', 40, '2001-10-13', '2016-03-24 06:10:24', 'LEMKARI', 'Putra', '57', ''),
(614, 'DINI KUSUMANINGRUM', '13', 40, '2001-10-13', '2016-03-24 06:10:24', 'LEMKARI', 'Putri', '13', ''),
(615, 'DINI KUSUMANINGRUM', '13', 40, '2001-10-13', '2016-03-24 06:10:24', 'LEMKARI', 'Putra', '4', ''),
(616, 'KINDANA WIRA ADANI', '13', 40, '2003-01-01', '2016-03-24 06:10:24', 'LEMKARI', 'Putra', '33', ''),
(617, 'KINDANA WIRA ADANI', '13', 49, '2003-01-01', '2016-03-24 06:10:24', 'LEMKARI', 'Putra', '15', ''),
(618, 'KINDANA WIRA ADANI', '13', 49, '2003-01-01', '2016-03-24 06:10:24', 'LEMKARI', 'Putri', '5', ''),
(619, 'RESTIANA UQTIANISA S', '13', 54, '2005-02-19', '2016-03-24 06:10:24', 'LEMKARI', 'Putra', '24', ''),
(620, 'RESTIANA UQTIANISA S', '13', 54, '2005-02-19', '2016-03-24 06:10:24', 'LEMKARI', 'Putra', '27', ''),
(621, 'BIMA YOHANDY SYAHPUTRA', '13', 54, '2000-01-18', '2016-03-24 06:10:24', 'LEMKARI', 'Putra', '9', ''),
(622, 'BIMA YOHANDY SYAHPUTRA', '13', 69, '2000-01-18', '2016-03-24 06:10:24', 'LEMKARI', 'Putra', '42', ''),
(623, 'YASINO ALFAT', '13', 69, '2005-09-24', '2016-03-24 06:10:24', 'LEMKARI', 'Putri', '22', ''),
(624, 'YASINO ALFAT', '13', 48, '2005-09-24', '2016-03-24 06:10:24', 'LEMKARI', 'Putri', '49', ''),
(625, 'SYIFA NORMA W', '13', 48, '2004-04-13', '2016-03-24 06:10:24', 'LEMKARI', 'Putra', '17', ''),
(626, 'SYIFA NORMA W', '13', 50, '2004-04-13', '2016-03-24 06:10:24', 'LEMKARI', 'Putri', '47', ''),
(627, 'ELVITA ADELAIDE SATRIVIA', '13', 50, '2000-05-08', '2016-03-24 06:10:24', 'LEMKARI', 'Putri', '60', ''),
(628, 'ELVITA ADELAIDE SATRIVIA', '13', 64, '2000-05-08', '2016-03-24 06:10:24', 'LEMKARI', 'Putri', '10', ''),
(629, 'ELVITA ADELAIDE SATRIVIA', '13', 64, '2000-05-08', '2016-03-24 06:10:24', 'LEMKARI', 'Putra', '4', ''),
(630, 'DYAN NOVAL P', '13', 64, '2003-01-21', '2016-03-24 06:10:24', 'LEMKARI', 'Putra', '33', ''),
(631, 'DYAN NOVAL P', '13', 58, '2003-01-21', '2016-03-24 06:10:24', 'LEMKARI', 'Putri', '15', ''),
(632, 'DYAN NOVAL P', '13', 29, '2003-01-21', '2016-03-24 06:10:24', 'LEMKARI', 'Putra', '5', ''),
(633, 'FAMELA INDYA GUSTA', '13', 29, '1999-08-28', '2016-03-24 06:10:24', 'LEMKARI', 'Putri', '39', ''),
(634, 'FAMELA INDYA GUSTA', '13', 21, '1999-08-28', '2016-03-24 06:10:24', 'LEMKARI', 'Putra', '10', ''),
(635, 'FAMELA INDYA GUSTA', '13', 21, '1999-08-28', '2016-03-24 06:10:24', 'LEMKARI', 'Putra', '4', ''),
(636, 'TANAYA DIAN CHANDRA M', '13', 44, '2004-03-07', '2016-03-24 06:10:24', 'LEMKARI', 'Putri', '29', ''),
(637, 'JISON RAISTA SEWA KOTTAMA', '13', 23, '2004-01-11', '2016-03-24 06:10:24', 'LEMKARI', 'Putri', '33', ''),
(638, 'JISON RAISTA SEWA KOTTAMA', '13', 25, '2004-01-11', '2016-03-24 06:10:24', 'LEMKARI', 'Putra', '15', ''),
(639, 'JISON RAISTA SEWA KOTTAMA', '13', 25, '2004-01-11', '2016-03-24 06:10:24', 'LEMKARI', 'Putra', '5', ''),
(640, 'IZRA SEPTIANA', '13', 25, '2004-01-11', '2016-03-24 06:10:24', 'LEMKARI', 'Putra', '17', ''),
(641, 'IZRA SEPTIANA', '13', 25, '2004-01-11', '2016-03-24 06:10:24', 'LEMKARI', 'Putri', '29', ''),
(642, 'Joni Duano', '10', 24, '1995-09-24', '2016-03-20 04:03:15', 'Inkado', 'Putra', '9', ''),
(643, 'Albert Septiawan', '10', 52, '1995-09-24', '2016-03-21 02:03:41', 'Lemkari', 'Putra', '63', ''),
(644, 'Bangkit S', '24', 60, '1990-09-25', '2016-03-21 02:03:58', 'Lemkari', 'Putra', '1', ''),
(645, 'Paijo', '21', 0, '1996-11-13', '2016-03-21 03:03:03', 'Lemkari', 'Putra', '44', ''),
(646, 'Paijo', '21', 0, '1996-11-13', '2016-03-21 03:03:40', 'Lemkari', 'Putra', '44', ''),
(647, 'a', 'a', 0, '1995-09-24', '2016-03-21 03:03:27', 'a', 'Putra', '1', ''),
(648, 'ulfah nurul islam', '1', 60, '1995-11-21', '2016-03-22 07:03:25', 'karate ums', 'Putri', '5', ''),
(650, 'Albert Septiawan', '17', 0, '2016-03-16', '2016-03-24 11:03:54', 'Lemkari', 'Putra', '3', 'Admin Full Control'),
(651, 'PAIJO', '21', 0, '1998-11-13', '2016-03-25 04:03:58', 'LEMKARI', 'Putra', '7', 'User Frontdesk'),
(652, 'Bangkit Sanyoto', '5', 0, '1995-06-22', '2016-03-25 08:03:41', 'Lemkari', 'Putra', '3', 'Admin Full Control');

--
-- Indexes for dumped tables
--

--
-- Indexes for table `admin`
--
ALTER TABLE `admin`
  ADD PRIMARY KEY (`id_admin`),
  ADD FULLTEXT KEY `nama` (`nama`);

--
-- Indexes for table `drowing`
--
ALTER TABLE `drowing`
  ADD PRIMARY KEY (`id_drowing`);

--
-- Indexes for table `kelas_all`
--
ALTER TABLE `kelas_all`
  ADD PRIMARY KEY (`id_kelas`);

--
-- Indexes for table `kontingen_all`
--
ALTER TABLE `kontingen_all`
  ADD PRIMARY KEY (`id_kontingen`);

--
-- Indexes for table `peserta`
--
ALTER TABLE `peserta`
  ADD PRIMARY KEY (`id_peserta`);

--
-- AUTO_INCREMENT for dumped tables
--

--
-- AUTO_INCREMENT for table `admin`
--
ALTER TABLE `admin`
  MODIFY `id_admin` int(5) NOT NULL AUTO_INCREMENT,AUTO_INCREMENT=4;
--
-- AUTO_INCREMENT for table `drowing`
--
ALTER TABLE `drowing`
  MODIFY `id_drowing` int(5) NOT NULL AUTO_INCREMENT,AUTO_INCREMENT=27;
--
-- AUTO_INCREMENT for table `kelas_all`
--
ALTER TABLE `kelas_all`
  MODIFY `id_kelas` int(5) NOT NULL AUTO_INCREMENT,AUTO_INCREMENT=86;
--
-- AUTO_INCREMENT for table `kontingen_all`
--
ALTER TABLE `kontingen_all`
  MODIFY `id_kontingen` int(11) NOT NULL AUTO_INCREMENT,AUTO_INCREMENT=28;
--
-- AUTO_INCREMENT for table `peserta`
--
ALTER TABLE `peserta`
  MODIFY `id_peserta` int(5) NOT NULL AUTO_INCREMENT,AUTO_INCREMENT=653;
/*!40101 SET CHARACTER_SET_CLIENT=@OLD_CHARACTER_SET_CLIENT */;
/*!40101 SET CHARACTER_SET_RESULTS=@OLD_CHARACTER_SET_RESULTS */;
/*!40101 SET COLLATION_CONNECTION=@OLD_COLLATION_CONNECTION */;
